id,firstname,lastname,email,email2,profession
100,Inga,Ax,Inga.Ax@yopmail.com,Inga.Ax@gmail.com,police officer
101,Blinni,Kussell,Blinni.Kussell@yopmail.com,Blinni.Kussell@gmail.com,firefighter
102,Karena,Jess,Karena.Jess@yopmail.com,Karena.Jess@gmail.com,firefighter
103,Amara,Pearse,Amara.Pearse@yopmail.com,Amara.Pearse@gmail.com,worker
104,Lindie,Faso,Lindie.Faso@yopmail.com,Lindie.Faso@gmail.com,worker
105,Stacey,Valerio,Stacey.Valerio@yopmail.com,Stacey.Valerio@gmail.com,firefighter
106,Siana,Lumbard,Siana.Lumbard@yopmail.com,Siana.Lumbard@gmail.com,police officer
107,Gusty,Daveta,Gusty.Daveta@yopmail.com,Gusty.Daveta@gmail.com,firefighter
108,Melisent,Podvin,Melisent.Podvin@yopmail.com,Melisent.Podvin@gmail.com,worker
109,Sean,Sawtelle,Sean.Sawtelle@yopmail.com,Sean.Sawtelle@gmail.com,firefighter
110,Gui,Ogren,Gui.Ogren@yopmail.com,Gui.Ogren@gmail.com,police officer
111,Albertina,Celestine,Albertina.Celestine@yopmail.com,Albertina.Celestine@gmail.com,doctor
112,Steffane,Sherfield,Steffane.Sherfield@yopmail.com,Steffane.Sherfield@gmail.com,firefighter
113,Lilith,Poppy,Lilith.Poppy@yopmail.com,Lilith.Poppy@gmail.com,worker
114,Shauna,Daniele,Shauna.Daniele@yopmail.com,Shauna.Daniele@gmail.com,developer
115,Siana,An,Siana.An@yopmail.com,Siana.An@gmail.com,firefighter
116,Arabel,Byrne,Arabel.Byrne@yopmail.com,Arabel.Byrne@gmail.com,firefighter
117,Sonni,Wallis,Sonni.Wallis@yopmail.com,Sonni.Wallis@gmail.com,doctor
118,Peri,Amasa,Peri.Amasa@yopmail.com,Peri.Amasa@gmail.com,worker
119,Rosabelle,Gaspard,Rosabelle.Gaspard@yopmail.com,Rosabelle.Gaspard@gmail.com,firefighter
120,Margarette,Thunell,Margarette.Thunell@yopmail.com,Margarette.Thunell@gmail.com,worker
121,Ann-Marie,Nedrud,Ann-Marie.Nedrud@yopmail.com,Ann-Marie.Nedrud@gmail.com,doctor
122,Suzette,Andrel,Suzette.Andrel@yopmail.com,Suzette.Andrel@gmail.com,police officer
123,Barbi,Goddard,Barbi.Goddard@yopmail.com,Barbi.Goddard@gmail.com,developer
124,Jasmina,Vorster,Jasmina.Vorster@yopmail.com,Jasmina.Vorster@gmail.com,firefighter
125,Bee,Marsden,Bee.Marsden@yopmail.com,Bee.Marsden@gmail.com,worker
126,Kylynn,Talia,Kylynn.Talia@yopmail.com,Kylynn.Talia@gmail.com,doctor
127,Margalo,Annice,Margalo.Annice@yopmail.com,Margalo.Annice@gmail.com,doctor
128,Marika,Hylan,Marika.Hylan@yopmail.com,Marika.Hylan@gmail.com,developer
129,Deloria,Greenwald,Deloria.Greenwald@yopmail.com,Deloria.Greenwald@gmail.com,worker
130,Susette,Christine,Susette.Christine@yopmail.com,Susette.Christine@gmail.com,worker
131,Marnia,Fontana,Marnia.Fontana@yopmail.com,Marnia.Fontana@gmail.com,doctor
132,Verla,Uund,Verla.Uund@yopmail.com,Verla.Uund@gmail.com,police officer
133,Helsa,Zrike,Helsa.Zrike@yopmail.com,Helsa.Zrike@gmail.com,police officer
134,Coral,Ruvolo,Coral.Ruvolo@yopmail.com,Coral.Ruvolo@gmail.com,police officer
135,Rhoda,Nickola,Rhoda.Nickola@yopmail.com,Rhoda.Nickola@gmail.com,police officer
136,Robbi,Monaco,Robbi.Monaco@yopmail.com,Robbi.Monaco@gmail.com,firefighter
137,Joceline,Stevy,Joceline.Stevy@yopmail.com,Joceline.Stevy@gmail.com,doctor
138,Kelly,Alice,Kelly.Alice@yopmail.com,Kelly.Alice@gmail.com,worker
139,Beth,Kathie,Beth.Kathie@yopmail.com,Beth.Kathie@gmail.com,firefighter
140,Shaylyn,Redmond,Shaylyn.Redmond@yopmail.com,Shaylyn.Redmond@gmail.com,developer
141,Hayley,Toffic,Hayley.Toffic@yopmail.com,Hayley.Toffic@gmail.com,police officer
142,Almeta,Vernier,Almeta.Vernier@yopmail.com,Almeta.Vernier@gmail.com,firefighter
143,Romona,Duwalt,Romona.Duwalt@yopmail.com,Romona.Duwalt@gmail.com,firefighter
144,Nonnah,Phyllis,Nonnah.Phyllis@yopmail.com,Nonnah.Phyllis@gmail.com,doctor
145,Pollyanna,Garek,Pollyanna.Garek@yopmail.com,Pollyanna.Garek@gmail.com,worker
146,Odessa,Carolin,Odessa.Carolin@yopmail.com,Odessa.Carolin@gmail.com,doctor
147,Frank,Shaddock,Frank.Shaddock@yopmail.com,Frank.Shaddock@gmail.com,worker
148,Grier,Nance,Grier.Nance@yopmail.com,Grier.Nance@gmail.com,worker
149,Jenilee,Birdella,Jenilee.Birdella@yopmail.com,Jenilee.Birdella@gmail.com,worker
150,Justinn,Dex,Justinn.Dex@yopmail.com,Justinn.Dex@gmail.com,developer
151,Ulrike,Jehu,Ulrike.Jehu@yopmail.com,Ulrike.Jehu@gmail.com,doctor
152,Gusella,Henebry,Gusella.Henebry@yopmail.com,Gusella.Henebry@gmail.com,doctor
153,Corene,Narton,Corene.Narton@yopmail.com,Corene.Narton@gmail.com,firefighter
154,Phedra,Kosey,Phedra.Kosey@yopmail.com,Phedra.Kosey@gmail.com,worker
155,Silvana,Moseley,Silvana.Moseley@yopmail.com,Silvana.Moseley@gmail.com,developer
156,Debee,Douglass,Debee.Douglass@yopmail.com,Debee.Douglass@gmail.com,firefighter
157,Arabel,Sisile,Arabel.Sisile@yopmail.com,Arabel.Sisile@gmail.com,worker
158,Zsa Zsa,Mayeda,Zsa Zsa.Mayeda@yopmail.com,Zsa Zsa.Mayeda@gmail.com,firefighter
159,Jean,Jammal,Jean.Jammal@yopmail.com,Jean.Jammal@gmail.com,firefighter
160,Sybille,Georas,Sybille.Georas@yopmail.com,Sybille.Georas@gmail.com,firefighter
161,Alleen,Millda,Alleen.Millda@yopmail.com,Alleen.Millda@gmail.com,developer
162,Rayna,Ephrem,Rayna.Ephrem@yopmail.com,Rayna.Ephrem@gmail.com,firefighter
163,Barbi,Odysseus,Barbi.Odysseus@yopmail.com,Barbi.Odysseus@gmail.com,developer
164,Shel,Barney,Shel.Barney@yopmail.com,Shel.Barney@gmail.com,doctor
165,Sadie,Baudin,Sadie.Baudin@yopmail.com,Sadie.Baudin@gmail.com,developer
166,Belinda,Valerio,Belinda.Valerio@yopmail.com,Belinda.Valerio@gmail.com,developer
167,Harmonia,Jethro,Harmonia.Jethro@yopmail.com,Harmonia.Jethro@gmail.com,doctor
168,Margette,Briney,Margette.Briney@yopmail.com,Margette.Briney@gmail.com,worker
169,Marita,Bartlett,Marita.Bartlett@yopmail.com,Marita.Bartlett@gmail.com,worker
170,Yolane,Kermit,Yolane.Kermit@yopmail.com,Yolane.Kermit@gmail.com,police officer
171,Tiffie,Rad,Tiffie.Rad@yopmail.com,Tiffie.Rad@gmail.com,police officer
172,Jacenta,Firmin,Jacenta.Firmin@yopmail.com,Jacenta.Firmin@gmail.com,worker
173,Jenda,Eachern,Jenda.Eachern@yopmail.com,Jenda.Eachern@gmail.com,worker
174,Renae,Drus,Renae.Drus@yopmail.com,Renae.Drus@gmail.com,doctor
175,Bernardine,Lane,Bernardine.Lane@yopmail.com,Bernardine.Lane@gmail.com,police officer
176,Kary,Fink,Kary.Fink@yopmail.com,Kary.Fink@gmail.com,doctor
177,Kristan,Septima,Kristan.Septima@yopmail.com,Kristan.Septima@gmail.com,developer
178,Gusty,Diann,Gusty.Diann@yopmail.com,Gusty.Diann@gmail.com,worker
179,Beverley,Vilma,Beverley.Vilma@yopmail.com,Beverley.Vilma@gmail.com,firefighter
180,Helena,Jeanne,Helena.Jeanne@yopmail.com,Helena.Jeanne@gmail.com,developer
181,Allis,Salvidor,Allis.Salvidor@yopmail.com,Allis.Salvidor@gmail.com,developer
182,Natka,Briney,Natka.Briney@yopmail.com,Natka.Briney@gmail.com,police officer
183,Basia,Hailee,Basia.Hailee@yopmail.com,Basia.Hailee@gmail.com,firefighter
184,Almeta,Pond,Almeta.Pond@yopmail.com,Almeta.Pond@gmail.com,doctor
185,Jeanna,Reneta,Jeanna.Reneta@yopmail.com,Jeanna.Reneta@gmail.com,police officer
186,Lauryn,Goddard,Lauryn.Goddard@yopmail.com,Lauryn.Goddard@gmail.com,doctor
187,Kassey,Cyrie,Kassey.Cyrie@yopmail.com,Kassey.Cyrie@gmail.com,worker
188,Olivette,Viddah,Olivette.Viddah@yopmail.com,Olivette.Viddah@gmail.com,developer
189,Christian,Leonard,Christian.Leonard@yopmail.com,Christian.Leonard@gmail.com,doctor
190,Karlee,Craggie,Karlee.Craggie@yopmail.com,Karlee.Craggie@gmail.com,firefighter
191,Corry,Annice,Corry.Annice@yopmail.com,Corry.Annice@gmail.com,firefighter
192,Sonni,Kaja,Sonni.Kaja@yopmail.com,Sonni.Kaja@gmail.com,firefighter
193,Dulce,Rolf,Dulce.Rolf@yopmail.com,Dulce.Rolf@gmail.com,firefighter
194,Mignon,Raul,Mignon.Raul@yopmail.com,Mignon.Raul@gmail.com,worker
195,Joleen,Ethban,Joleen.Ethban@yopmail.com,Joleen.Ethban@gmail.com,doctor
196,Nonnah,Marisa,Nonnah.Marisa@yopmail.com,Nonnah.Marisa@gmail.com,doctor
197,Kaja,Libna,Kaja.Libna@yopmail.com,Kaja.Libna@gmail.com,firefighter
198,Silvana,Edmund,Silvana.Edmund@yopmail.com,Silvana.Edmund@gmail.com,firefighter
199,Fawne,Dannye,Fawne.Dannye@yopmail.com,Fawne.Dannye@gmail.com,developer
200,Janis,Erich,Janis.Erich@yopmail.com,Janis.Erich@gmail.com,firefighter
201,Felice,Allare,Felice.Allare@yopmail.com,Felice.Allare@gmail.com,police officer
202,Donnie,Sherrie,Donnie.Sherrie@yopmail.com,Donnie.Sherrie@gmail.com,worker
203,Trixi,Iphlgenia,Trixi.Iphlgenia@yopmail.com,Trixi.Iphlgenia@gmail.com,firefighter
204,Meg,Pyle,Meg.Pyle@yopmail.com,Meg.Pyle@gmail.com,doctor
205,Brooks,Ortrude,Brooks.Ortrude@yopmail.com,Brooks.Ortrude@gmail.com,police officer
206,Brietta,Judye,Brietta.Judye@yopmail.com,Brietta.Judye@gmail.com,worker
207,Kenna,Kirstin,Kenna.Kirstin@yopmail.com,Kenna.Kirstin@gmail.com,police officer
208,Candi,Erb,Candi.Erb@yopmail.com,Candi.Erb@gmail.com,police officer
209,Zsa Zsa,Rosemary,Zsa Zsa.Rosemary@yopmail.com,Zsa Zsa.Rosemary@gmail.com,worker
210,Adriana,Kimmie,Adriana.Kimmie@yopmail.com,Adriana.Kimmie@gmail.com,police officer
211,Deloria,Donell,Deloria.Donell@yopmail.com,Deloria.Donell@gmail.com,worker
212,Noelle,Rheingold,Noelle.Rheingold@yopmail.com,Noelle.Rheingold@gmail.com,doctor
213,Gusty,Socha,Gusty.Socha@yopmail.com,Gusty.Socha@gmail.com,developer
214,Carol-Jean,Rosalba,Carol-Jean.Rosalba@yopmail.com,Carol-Jean.Rosalba@gmail.com,worker
215,Calla,Elbertina,Calla.Elbertina@yopmail.com,Calla.Elbertina@gmail.com,developer
216,Sheree,Burnside,Sheree.Burnside@yopmail.com,Sheree.Burnside@gmail.com,worker
217,Aubrie,Merell,Aubrie.Merell@yopmail.com,Aubrie.Merell@gmail.com,doctor
218,Minne,Ethban,Minne.Ethban@yopmail.com,Minne.Ethban@gmail.com,firefighter
219,Goldie,Pelagias,Goldie.Pelagias@yopmail.com,Goldie.Pelagias@gmail.com,worker
220,Tracey,Lymann,Tracey.Lymann@yopmail.com,Tracey.Lymann@gmail.com,worker
221,Meg,Lesley,Meg.Lesley@yopmail.com,Meg.Lesley@gmail.com,police officer
222,Lynea,Swanhildas,Lynea.Swanhildas@yopmail.com,Lynea.Swanhildas@gmail.com,firefighter
223,Tersina,Taam,Tersina.Taam@yopmail.com,Tersina.Taam@gmail.com,worker
224,Trixi,Sophronia,Trixi.Sophronia@yopmail.com,Trixi.Sophronia@gmail.com,doctor
225,Kylynn,Greyson,Kylynn.Greyson@yopmail.com,Kylynn.Greyson@gmail.com,firefighter
226,Constance,Klotz,Constance.Klotz@yopmail.com,Constance.Klotz@gmail.com,firefighter
227,Dagmar,Iphlgenia,Dagmar.Iphlgenia@yopmail.com,Dagmar.Iphlgenia@gmail.com,doctor
228,Alia,Dermott,Alia.Dermott@yopmail.com,Alia.Dermott@gmail.com,developer
229,Phedra,Cherianne,Phedra.Cherianne@yopmail.com,Phedra.Cherianne@gmail.com,police officer
230,Romona,Alcott,Romona.Alcott@yopmail.com,Romona.Alcott@gmail.com,developer
231,Elfreda,Naashom,Elfreda.Naashom@yopmail.com,Elfreda.Naashom@gmail.com,worker
232,Penelopa,Emerson,Penelopa.Emerson@yopmail.com,Penelopa.Emerson@gmail.com,developer
233,Hyacinthe,Carbo,Hyacinthe.Carbo@yopmail.com,Hyacinthe.Carbo@gmail.com,worker
234,Robbi,Chaing,Robbi.Chaing@yopmail.com,Robbi.Chaing@gmail.com,worker
235,Ashlee,Corrine,Ashlee.Corrine@yopmail.com,Ashlee.Corrine@gmail.com,doctor
236,Phedra,McNully,Phedra.McNully@yopmail.com,Phedra.McNully@gmail.com,worker
237,Ellette,Bivins,Ellette.Bivins@yopmail.com,Ellette.Bivins@gmail.com,firefighter
238,Hayley,Mendez,Hayley.Mendez@yopmail.com,Hayley.Mendez@gmail.com,doctor
239,Jessy,Ranjiv,Jessy.Ranjiv@yopmail.com,Jessy.Ranjiv@gmail.com,doctor
240,Meg,Corabella,Meg.Corabella@yopmail.com,Meg.Corabella@gmail.com,developer
241,Alex,Hepsibah,Alex.Hepsibah@yopmail.com,Alex.Hepsibah@gmail.com,firefighter
242,Jacquetta,Gunn,Jacquetta.Gunn@yopmail.com,Jacquetta.Gunn@gmail.com,firefighter
243,Lanna,Merell,Lanna.Merell@yopmail.com,Lanna.Merell@gmail.com,doctor
244,Alexine,Zamora,Alexine.Zamora@yopmail.com,Alexine.Zamora@gmail.com,police officer
245,Ekaterina,Sancho,Ekaterina.Sancho@yopmail.com,Ekaterina.Sancho@gmail.com,developer
246,Jaclyn,Hartnett,Jaclyn.Hartnett@yopmail.com,Jaclyn.Hartnett@gmail.com,police officer
247,Viviene,Cadmar,Viviene.Cadmar@yopmail.com,Viviene.Cadmar@gmail.com,worker
248,Allis,Whittaker,Allis.Whittaker@yopmail.com,Allis.Whittaker@gmail.com,police officer
249,Imojean,Corilla,Imojean.Corilla@yopmail.com,Imojean.Corilla@gmail.com,developer
250,Tersina,Franza,Tersina.Franza@yopmail.com,Tersina.Franza@gmail.com,firefighter
251,Kary,Shama,Kary.Shama@yopmail.com,Kary.Shama@gmail.com,firefighter
252,Briney,Harned,Briney.Harned@yopmail.com,Briney.Harned@gmail.com,developer
253,Max,Tjon,Max.Tjon@yopmail.com,Max.Tjon@gmail.com,firefighter
254,Miquela,Ricarda,Miquela.Ricarda@yopmail.com,Miquela.Ricarda@gmail.com,worker
255,Amara,Bethany,Amara.Bethany@yopmail.com,Amara.Bethany@gmail.com,worker
256,Priscilla,LaRue,Priscilla.LaRue@yopmail.com,Priscilla.LaRue@gmail.com,firefighter
257,Marinna,Zachary,Marinna.Zachary@yopmail.com,Marinna.Zachary@gmail.com,developer
258,Calla,Cath,Calla.Cath@yopmail.com,Calla.Cath@gmail.com,worker
259,Wanda,Shelba,Wanda.Shelba@yopmail.com,Wanda.Shelba@gmail.com,doctor
260,Tierney,Wenoa,Tierney.Wenoa@yopmail.com,Tierney.Wenoa@gmail.com,worker
261,Jenda,Ehrman,Jenda.Ehrman@yopmail.com,Jenda.Ehrman@gmail.com,police officer
262,Daryl,Fadiman,Daryl.Fadiman@yopmail.com,Daryl.Fadiman@gmail.com,developer
263,Millie,Pascia,Millie.Pascia@yopmail.com,Millie.Pascia@gmail.com,worker
264,Teriann,Lunsford,Teriann.Lunsford@yopmail.com,Teriann.Lunsford@gmail.com,doctor
265,Trixi,Stanwood,Trixi.Stanwood@yopmail.com,Trixi.Stanwood@gmail.com,worker
266,Sadie,Danby,Sadie.Danby@yopmail.com,Sadie.Danby@gmail.com,doctor
267,Georgina,Posner,Georgina.Posner@yopmail.com,Georgina.Posner@gmail.com,developer
268,Fayre,Briney,Fayre.Briney@yopmail.com,Fayre.Briney@gmail.com,firefighter
269,Bertine,Shelba,Bertine.Shelba@yopmail.com,Bertine.Shelba@gmail.com,doctor
270,Renie,Kenney,Renie.Kenney@yopmail.com,Renie.Kenney@gmail.com,doctor
271,Gabriellia,Wesle,Gabriellia.Wesle@yopmail.com,Gabriellia.Wesle@gmail.com,developer
272,Aryn,Nea,Aryn.Nea@yopmail.com,Aryn.Nea@gmail.com,police officer
273,Clo,Middleton,Clo.Middleton@yopmail.com,Clo.Middleton@gmail.com,police officer
274,Fawne,Marden,Fawne.Marden@yopmail.com,Fawne.Marden@gmail.com,developer
275,Gabriellia,Christine,Gabriellia.Christine@yopmail.com,Gabriellia.Christine@gmail.com,police officer
276,Willetta,Dulciana,Willetta.Dulciana@yopmail.com,Willetta.Dulciana@gmail.com,police officer
277,Annora,Mullane,Annora.Mullane@yopmail.com,Annora.Mullane@gmail.com,police officer
278,Dagmar,Anestassia,Dagmar.Anestassia@yopmail.com,Dagmar.Anestassia@gmail.com,developer
279,Lila,Vanni,Lila.Vanni@yopmail.com,Lila.Vanni@gmail.com,worker
280,Leona,Elsinore,Leona.Elsinore@yopmail.com,Leona.Elsinore@gmail.com,worker
281,Elka,Arathorn,Elka.Arathorn@yopmail.com,Elka.Arathorn@gmail.com,developer
282,Leona,Iiette,Leona.Iiette@yopmail.com,Leona.Iiette@gmail.com,police officer
283,Fred,Hunfredo,Fred.Hunfredo@yopmail.com,Fred.Hunfredo@gmail.com,firefighter
284,Camile,Seagraves,Camile.Seagraves@yopmail.com,Camile.Seagraves@gmail.com,firefighter
285,Noelle,Cimbura,Noelle.Cimbura@yopmail.com,Noelle.Cimbura@gmail.com,firefighter
286,Liana,Cherianne,Liana.Cherianne@yopmail.com,Liana.Cherianne@gmail.com,police officer
287,Courtnay,Cornelia,Courtnay.Cornelia@yopmail.com,Courtnay.Cornelia@gmail.com,developer
288,Bobbi,Lilas,Bobbi.Lilas@yopmail.com,Bobbi.Lilas@gmail.com,police officer
289,Felice,Wyn,Felice.Wyn@yopmail.com,Felice.Wyn@gmail.com,firefighter
290,Rochette,Waldron,Rochette.Waldron@yopmail.com,Rochette.Waldron@gmail.com,doctor
291,Tiffie,Mott,Tiffie.Mott@yopmail.com,Tiffie.Mott@gmail.com,firefighter
292,Merci,Konyn,Merci.Konyn@yopmail.com,Merci.Konyn@gmail.com,police officer
293,Lusa,Maroney,Lusa.Maroney@yopmail.com,Lusa.Maroney@gmail.com,worker
294,Eve,Gilbertson,Eve.Gilbertson@yopmail.com,Eve.Gilbertson@gmail.com,worker
295,Kaia,Anton,Kaia.Anton@yopmail.com,Kaia.Anton@gmail.com,police officer
296,Michaelina,Shelba,Michaelina.Shelba@yopmail.com,Michaelina.Shelba@gmail.com,worker
297,Lenna,Ivens,Lenna.Ivens@yopmail.com,Lenna.Ivens@gmail.com,police officer
298,Fawne,Larochelle,Fawne.Larochelle@yopmail.com,Fawne.Larochelle@gmail.com,firefighter
299,Shaine,Brian,Shaine.Brian@yopmail.com,Shaine.Brian@gmail.com,developer
300,Kore,Honoria,Kore.Honoria@yopmail.com,Kore.Honoria@gmail.com,doctor
301,Perry,Woodberry,Perry.Woodberry@yopmail.com,Perry.Woodberry@gmail.com,doctor
302,Gerrie,Stelle,Gerrie.Stelle@yopmail.com,Gerrie.Stelle@gmail.com,doctor
303,Ira,Bronk,Ira.Bronk@yopmail.com,Ira.Bronk@gmail.com,worker
304,Amara,Septima,Amara.Septima@yopmail.com,Amara.Septima@gmail.com,doctor
305,Damaris,Corilla,Damaris.Corilla@yopmail.com,Damaris.Corilla@gmail.com,doctor
306,Gratia,Wilkinson,Gratia.Wilkinson@yopmail.com,Gratia.Wilkinson@gmail.com,worker
307,Courtnay,Si,Courtnay.Si@yopmail.com,Courtnay.Si@gmail.com,doctor
308,Abbie,Llovera,Abbie.Llovera@yopmail.com,Abbie.Llovera@gmail.com,police officer
309,Debee,Dash,Debee.Dash@yopmail.com,Debee.Dash@gmail.com,firefighter
310,Aeriela,Jotham,Aeriela.Jotham@yopmail.com,Aeriela.Jotham@gmail.com,developer
311,Catrina,Israeli,Catrina.Israeli@yopmail.com,Catrina.Israeli@gmail.com,developer
312,Ayn,Revkah,Ayn.Revkah@yopmail.com,Ayn.Revkah@gmail.com,doctor
313,Ninnetta,Cath,Ninnetta.Cath@yopmail.com,Ninnetta.Cath@gmail.com,police officer
314,Rani,Phaidra,Rani.Phaidra@yopmail.com,Rani.Phaidra@gmail.com,worker
315,Nelle,Neils,Nelle.Neils@yopmail.com,Nelle.Neils@gmail.com,developer
316,Kamilah,Longfellow,Kamilah.Longfellow@yopmail.com,Kamilah.Longfellow@gmail.com,police officer
317,Brianna,Warthman,Brianna.Warthman@yopmail.com,Brianna.Warthman@gmail.com,worker
318,Genovera,Mallon,Genovera.Mallon@yopmail.com,Genovera.Mallon@gmail.com,police officer
319,Catharine,Grobe,Catharine.Grobe@yopmail.com,Catharine.Grobe@gmail.com,developer
320,Kaia,Noman,Kaia.Noman@yopmail.com,Kaia.Noman@gmail.com,worker
321,Courtnay,Johnsson,Courtnay.Johnsson@yopmail.com,Courtnay.Johnsson@gmail.com,police officer
322,Ira,Peti,Ira.Peti@yopmail.com,Ira.Peti@gmail.com,worker
323,Shirlee,Virgin,Shirlee.Virgin@yopmail.com,Shirlee.Virgin@gmail.com,doctor
324,Theodora,Wind,Theodora.Wind@yopmail.com,Theodora.Wind@gmail.com,police officer
325,Kerrin,Pacorro,Kerrin.Pacorro@yopmail.com,Kerrin.Pacorro@gmail.com,doctor
326,Devina,Delila,Devina.Delila@yopmail.com,Devina.Delila@gmail.com,firefighter
327,Shaine,Oneida,Shaine.Oneida@yopmail.com,Shaine.Oneida@gmail.com,worker
328,Mariele,Garek,Mariele.Garek@yopmail.com,Mariele.Garek@gmail.com,worker
329,Jenda,Rugen,Jenda.Rugen@yopmail.com,Jenda.Rugen@gmail.com,worker
330,Benita,Dituri,Benita.Dituri@yopmail.com,Benita.Dituri@gmail.com,worker
331,Jasmina,Florina,Jasmina.Florina@yopmail.com,Jasmina.Florina@gmail.com,doctor
332,Ann-Marie,Penelopa,Ann-Marie.Penelopa@yopmail.com,Ann-Marie.Penelopa@gmail.com,firefighter
333,Genevra,Odell,Genevra.Odell@yopmail.com,Genevra.Odell@gmail.com,developer
334,Lulita,Lanita,Lulita.Lanita@yopmail.com,Lulita.Lanita@gmail.com,firefighter
335,Isa,Bultman,Isa.Bultman@yopmail.com,Isa.Bultman@gmail.com,doctor
336,Deane,Lane,Deane.Lane@yopmail.com,Deane.Lane@gmail.com,police officer
337,Mireielle,Tatianas,Mireielle.Tatianas@yopmail.com,Mireielle.Tatianas@gmail.com,police officer
338,Jsandye,Sothena,Jsandye.Sothena@yopmail.com,Jsandye.Sothena@gmail.com,worker
339,Lorenza,Whittaker,Lorenza.Whittaker@yopmail.com,Lorenza.Whittaker@gmail.com,worker
340,Ingrid,Gunn,Ingrid.Gunn@yopmail.com,Ingrid.Gunn@gmail.com,developer
341,Norine,Stanwood,Norine.Stanwood@yopmail.com,Norine.Stanwood@gmail.com,police officer
342,Nerta,Etom,Nerta.Etom@yopmail.com,Nerta.Etom@gmail.com,worker
343,Chloris,Virgin,Chloris.Virgin@yopmail.com,Chloris.Virgin@gmail.com,worker
344,Fred,Elvyn,Fred.Elvyn@yopmail.com,Fred.Elvyn@gmail.com,doctor
345,Konstance,Standing,Konstance.Standing@yopmail.com,Konstance.Standing@gmail.com,doctor
346,Rhoda,Camden,Rhoda.Camden@yopmail.com,Rhoda.Camden@gmail.com,firefighter
347,Natka,Toor,Natka.Toor@yopmail.com,Natka.Toor@gmail.com,police officer
348,Nananne,Saree,Nananne.Saree@yopmail.com,Nananne.Saree@gmail.com,doctor
349,Angelique,Goldina,Angelique.Goldina@yopmail.com,Angelique.Goldina@gmail.com,doctor
350,Maud,McNully,Maud.McNully@yopmail.com,Maud.McNully@gmail.com,worker
351,Karena,Linskey,Karena.Linskey@yopmail.com,Karena.Linskey@gmail.com,worker
352,Morganica,Libna,Morganica.Libna@yopmail.com,Morganica.Libna@gmail.com,firefighter
353,Luci,Wyn,Luci.Wyn@yopmail.com,Luci.Wyn@gmail.com,worker
354,Joleen,Cottle,Joleen.Cottle@yopmail.com,Joleen.Cottle@gmail.com,police officer
355,Starla,Aurelio,Starla.Aurelio@yopmail.com,Starla.Aurelio@gmail.com,police officer
356,Consuela,Aurelio,Consuela.Aurelio@yopmail.com,Consuela.Aurelio@gmail.com,police officer
357,Delilah,Bettine,Delilah.Bettine@yopmail.com,Delilah.Bettine@gmail.com,firefighter
358,Corene,Kirstin,Corene.Kirstin@yopmail.com,Corene.Kirstin@gmail.com,worker
359,Sam,Zachary,Sam.Zachary@yopmail.com,Sam.Zachary@gmail.com,developer
360,Dyann,Amand,Dyann.Amand@yopmail.com,Dyann.Amand@gmail.com,developer
361,Tori,Penelopa,Tori.Penelopa@yopmail.com,Tori.Penelopa@gmail.com,police officer
362,Ardeen,Destinee,Ardeen.Destinee@yopmail.com,Ardeen.Destinee@gmail.com,developer
363,Fanchon,Lorain,Fanchon.Lorain@yopmail.com,Fanchon.Lorain@gmail.com,worker
364,Marika,Esmaria,Marika.Esmaria@yopmail.com,Marika.Esmaria@gmail.com,firefighter
365,Sindee,Jess,Sindee.Jess@yopmail.com,Sindee.Jess@gmail.com,worker
366,Gianina,Jillane,Gianina.Jillane@yopmail.com,Gianina.Jillane@gmail.com,worker
367,Rori,Goldina,Rori.Goldina@yopmail.com,Rori.Goldina@gmail.com,firefighter
368,Roseline,Argus,Roseline.Argus@yopmail.com,Roseline.Argus@gmail.com,police officer
369,Tori,Ariella,Tori.Ariella@yopmail.com,Tori.Ariella@gmail.com,doctor
370,Corly,Belanger,Corly.Belanger@yopmail.com,Corly.Belanger@gmail.com,firefighter
371,Nariko,Felecia,Nariko.Felecia@yopmail.com,Nariko.Felecia@gmail.com,doctor
372,Gianina,Tjon,Gianina.Tjon@yopmail.com,Gianina.Tjon@gmail.com,police officer
373,Christy,Marden,Christy.Marden@yopmail.com,Christy.Marden@gmail.com,firefighter
374,Candi,Arvo,Candi.Arvo@yopmail.com,Candi.Arvo@gmail.com,developer
375,Lyssa,Lenny,Lyssa.Lenny@yopmail.com,Lyssa.Lenny@gmail.com,worker
376,Arlena,Nadia,Arlena.Nadia@yopmail.com,Arlena.Nadia@gmail.com,worker
377,Marti,Nickola,Marti.Nickola@yopmail.com,Marti.Nickola@gmail.com,worker
378,Jaclyn,Kravits,Jaclyn.Kravits@yopmail.com,Jaclyn.Kravits@gmail.com,police officer
379,Chickie,Rustice,Chickie.Rustice@yopmail.com,Chickie.Rustice@gmail.com,doctor
380,Pollyanna,Drus,Pollyanna.Drus@yopmail.com,Pollyanna.Drus@gmail.com,worker
381,Petronia,Alva,Petronia.Alva@yopmail.com,Petronia.Alva@gmail.com,firefighter
382,Doralynne,Zachary,Doralynne.Zachary@yopmail.com,Doralynne.Zachary@gmail.com,doctor
383,Caryl,Hutchison,Caryl.Hutchison@yopmail.com,Caryl.Hutchison@gmail.com,worker
384,Gianina,Gualtiero,Gianina.Gualtiero@yopmail.com,Gianina.Gualtiero@gmail.com,developer
385,Nita,Vary,Nita.Vary@yopmail.com,Nita.Vary@gmail.com,developer
386,Justinn,Stuart,Justinn.Stuart@yopmail.com,Justinn.Stuart@gmail.com,police officer
387,Rhoda,Toffic,Rhoda.Toffic@yopmail.com,Rhoda.Toffic@gmail.com,developer
388,Lizzie,Jammal,Lizzie.Jammal@yopmail.com,Lizzie.Jammal@gmail.com,firefighter
389,Cristine,Prouty,Cristine.Prouty@yopmail.com,Cristine.Prouty@gmail.com,worker
390,Robbi,Noelyn,Robbi.Noelyn@yopmail.com,Robbi.Noelyn@gmail.com,worker
391,Steffane,Rosette,Steffane.Rosette@yopmail.com,Steffane.Rosette@gmail.com,developer
392,Brana,Lowry,Brana.Lowry@yopmail.com,Brana.Lowry@gmail.com,worker
393,Candy,Leary,Candy.Leary@yopmail.com,Candy.Leary@gmail.com,firefighter
394,Marsiella,Reneta,Marsiella.Reneta@yopmail.com,Marsiella.Reneta@gmail.com,doctor
395,Liana,Nore,Liana.Nore@yopmail.com,Liana.Nore@gmail.com,police officer
396,Nataline,Ledah,Nataline.Ledah@yopmail.com,Nataline.Ledah@gmail.com,doctor
397,Melina,Tatianas,Melina.Tatianas@yopmail.com,Melina.Tatianas@gmail.com,developer
398,Nita,Bethany,Nita.Bethany@yopmail.com,Nita.Bethany@gmail.com,firefighter
399,Aaren,Monaco,Aaren.Monaco@yopmail.com,Aaren.Monaco@gmail.com,firefighter
400,Nikki,Felecia,Nikki.Felecia@yopmail.com,Nikki.Felecia@gmail.com,doctor
401,Kittie,Tound,Kittie.Tound@yopmail.com,Kittie.Tound@gmail.com,police officer
402,Neila,Roarke,Neila.Roarke@yopmail.com,Neila.Roarke@gmail.com,doctor
403,Florie,Fillbert,Florie.Fillbert@yopmail.com,Florie.Fillbert@gmail.com,doctor
404,Jerry,Toffic,Jerry.Toffic@yopmail.com,Jerry.Toffic@gmail.com,developer
405,Marylou,Klotz,Marylou.Klotz@yopmail.com,Marylou.Klotz@gmail.com,doctor
406,Zia,Arquit,Zia.Arquit@yopmail.com,Zia.Arquit@gmail.com,firefighter
407,Ninnetta,Madelene,Ninnetta.Madelene@yopmail.com,Ninnetta.Madelene@gmail.com,doctor
408,Meriel,Suk,Meriel.Suk@yopmail.com,Meriel.Suk@gmail.com,developer
409,Ulrike,Garlinda,Ulrike.Garlinda@yopmail.com,Ulrike.Garlinda@gmail.com,developer
410,Jessy,Swigart,Jessy.Swigart@yopmail.com,Jessy.Swigart@gmail.com,firefighter
411,Leona,Rodmann,Leona.Rodmann@yopmail.com,Leona.Rodmann@gmail.com,police officer
412,Beatriz,Bertold,Beatriz.Bertold@yopmail.com,Beatriz.Bertold@gmail.com,police officer
413,Claresta,Percy,Claresta.Percy@yopmail.com,Claresta.Percy@gmail.com,developer
414,Wanda,Friede,Wanda.Friede@yopmail.com,Wanda.Friede@gmail.com,worker
415,Linet,Johnsson,Linet.Johnsson@yopmail.com,Linet.Johnsson@gmail.com,doctor
416,Sibella,Darbie,Sibella.Darbie@yopmail.com,Sibella.Darbie@gmail.com,police officer
417,Ardeen,Carolin,Ardeen.Carolin@yopmail.com,Ardeen.Carolin@gmail.com,firefighter
418,Heddie,Thar,Heddie.Thar@yopmail.com,Heddie.Thar@gmail.com,police officer
419,Moyna,Elsinore,Moyna.Elsinore@yopmail.com,Moyna.Elsinore@gmail.com,doctor
420,Gusty,Devlen,Gusty.Devlen@yopmail.com,Gusty.Devlen@gmail.com,worker
421,Jan,Marijo,Jan.Marijo@yopmail.com,Jan.Marijo@gmail.com,doctor
422,Frank,Gregrory,Frank.Gregrory@yopmail.com,Frank.Gregrory@gmail.com,worker
423,Cristine,Angelis,Cristine.Angelis@yopmail.com,Cristine.Angelis@gmail.com,worker
424,Dione,Firmin,Dione.Firmin@yopmail.com,Dione.Firmin@gmail.com,worker
425,Eugine,Muriel,Eugine.Muriel@yopmail.com,Eugine.Muriel@gmail.com,police officer
426,Wilma,Saree,Wilma.Saree@yopmail.com,Wilma.Saree@gmail.com,developer
427,Sissy,Tristram,Sissy.Tristram@yopmail.com,Sissy.Tristram@gmail.com,firefighter
428,Nollie,Pacorro,Nollie.Pacorro@yopmail.com,Nollie.Pacorro@gmail.com,police officer
429,Lory,Ader,Lory.Ader@yopmail.com,Lory.Ader@gmail.com,firefighter
430,Taffy,Hathaway,Taffy.Hathaway@yopmail.com,Taffy.Hathaway@gmail.com,doctor
431,Cacilie,Hunfredo,Cacilie.Hunfredo@yopmail.com,Cacilie.Hunfredo@gmail.com,firefighter
432,Veda,Suzetta,Veda.Suzetta@yopmail.com,Veda.Suzetta@gmail.com,worker
433,Camile,Chobot,Camile.Chobot@yopmail.com,Camile.Chobot@gmail.com,firefighter
434,Lynnea,Artie,Lynnea.Artie@yopmail.com,Lynnea.Artie@gmail.com,developer
435,Katleen,Deegan,Katleen.Deegan@yopmail.com,Katleen.Deegan@gmail.com,firefighter
436,Gertrud,Elo,Gertrud.Elo@yopmail.com,Gertrud.Elo@gmail.com,worker
437,Ilse,Eno,Ilse.Eno@yopmail.com,Ilse.Eno@gmail.com,police officer
438,Charlena,Fontana,Charlena.Fontana@yopmail.com,Charlena.Fontana@gmail.com,doctor
439,Ada,Greyson,Ada.Greyson@yopmail.com,Ada.Greyson@gmail.com,worker
440,Esmeralda,Niccolo,Esmeralda.Niccolo@yopmail.com,Esmeralda.Niccolo@gmail.com,doctor
441,Ellette,Ingra,Ellette.Ingra@yopmail.com,Ellette.Ingra@gmail.com,doctor
442,Ileana,Torray,Ileana.Torray@yopmail.com,Ileana.Torray@gmail.com,doctor
443,Aili,Hailee,Aili.Hailee@yopmail.com,Aili.Hailee@gmail.com,developer
444,Jan,Elvyn,Jan.Elvyn@yopmail.com,Jan.Elvyn@gmail.com,worker
445,Donetta,Hermes,Donetta.Hermes@yopmail.com,Donetta.Hermes@gmail.com,firefighter
446,Karolina,Rozanna,Karolina.Rozanna@yopmail.com,Karolina.Rozanna@gmail.com,doctor
447,Nariko,Kiyoshi,Nariko.Kiyoshi@yopmail.com,Nariko.Kiyoshi@gmail.com,developer
448,Binny,Gale,Binny.Gale@yopmail.com,Binny.Gale@gmail.com,doctor
449,Lynde,Magdalen,Lynde.Magdalen@yopmail.com,Lynde.Magdalen@gmail.com,worker
450,Jackie,Joli,Jackie.Joli@yopmail.com,Jackie.Joli@gmail.com,worker
451,Flo,Tannie,Flo.Tannie@yopmail.com,Flo.Tannie@gmail.com,police officer
452,Deirdre,Bethany,Deirdre.Bethany@yopmail.com,Deirdre.Bethany@gmail.com,worker
453,Lucy,Hashim,Lucy.Hashim@yopmail.com,Lucy.Hashim@gmail.com,worker
454,Wanda,Campball,Wanda.Campball@yopmail.com,Wanda.Campball@gmail.com,doctor
455,Asia,Juan,Asia.Juan@yopmail.com,Asia.Juan@gmail.com,firefighter
456,Codie,Vary,Codie.Vary@yopmail.com,Codie.Vary@gmail.com,doctor
457,Jerry,Alice,Jerry.Alice@yopmail.com,Jerry.Alice@gmail.com,doctor
458,Annabela,Reidar,Annabela.Reidar@yopmail.com,Annabela.Reidar@gmail.com,doctor
459,Marita,Ashely,Marita.Ashely@yopmail.com,Marita.Ashely@gmail.com,doctor
460,Elvira,Gaynor,Elvira.Gaynor@yopmail.com,Elvira.Gaynor@gmail.com,worker
461,Vita,Infield,Vita.Infield@yopmail.com,Vita.Infield@gmail.com,police officer
462,Lanae,Carbo,Lanae.Carbo@yopmail.com,Lanae.Carbo@gmail.com,worker
463,Veda,Jerold,Veda.Jerold@yopmail.com,Veda.Jerold@gmail.com,doctor
464,Lenna,Cookie,Lenna.Cookie@yopmail.com,Lenna.Cookie@gmail.com,firefighter
465,Desirae,Krystle,Desirae.Krystle@yopmail.com,Desirae.Krystle@gmail.com,firefighter
466,Demetris,Ethban,Demetris.Ethban@yopmail.com,Demetris.Ethban@gmail.com,firefighter
467,Daryl,Gale,Daryl.Gale@yopmail.com,Daryl.Gale@gmail.com,doctor
468,Tiffie,Mozelle,Tiffie.Mozelle@yopmail.com,Tiffie.Mozelle@gmail.com,police officer
469,Netty,Redmond,Netty.Redmond@yopmail.com,Netty.Redmond@gmail.com,developer
470,Bernie,Ashely,Bernie.Ashely@yopmail.com,Bernie.Ashely@gmail.com,developer
471,Averyl,Durante,Averyl.Durante@yopmail.com,Averyl.Durante@gmail.com,developer
472,Sharai,Horan,Sharai.Horan@yopmail.com,Sharai.Horan@gmail.com,firefighter
473,Dale,Vale,Dale.Vale@yopmail.com,Dale.Vale@gmail.com,worker
474,Sashenka,Gillan,Sashenka.Gillan@yopmail.com,Sashenka.Gillan@gmail.com,doctor
475,Cindelyn,Winthorpe,Cindelyn.Winthorpe@yopmail.com,Cindelyn.Winthorpe@gmail.com,developer
476,Caressa,Bluh,Caressa.Bluh@yopmail.com,Caressa.Bluh@gmail.com,firefighter
477,Emelina,Kermit,Emelina.Kermit@yopmail.com,Emelina.Kermit@gmail.com,developer
478,Maridel,Shirberg,Maridel.Shirberg@yopmail.com,Maridel.Shirberg@gmail.com,police officer
479,Ericka,Harned,Ericka.Harned@yopmail.com,Ericka.Harned@gmail.com,doctor
480,Flo,Xerxes,Flo.Xerxes@yopmail.com,Flo.Xerxes@gmail.com,firefighter
481,Rosene,Crudden,Rosene.Crudden@yopmail.com,Rosene.Crudden@gmail.com,developer
482,Meghann,Wenda,Meghann.Wenda@yopmail.com,Meghann.Wenda@gmail.com,police officer
483,Aigneis,Weitman,Aigneis.Weitman@yopmail.com,Aigneis.Weitman@gmail.com,developer
484,Briney,Morehouse,Briney.Morehouse@yopmail.com,Briney.Morehouse@gmail.com,doctor
485,Jan,Brenn,Jan.Brenn@yopmail.com,Jan.Brenn@gmail.com,developer
486,Winifred,Braun,Winifred.Braun@yopmail.com,Winifred.Braun@gmail.com,worker
487,Trixi,Tamsky,Trixi.Tamsky@yopmail.com,Trixi.Tamsky@gmail.com,worker
488,Elfreda,Ochs,Elfreda.Ochs@yopmail.com,Elfreda.Ochs@gmail.com,worker
489,Tersina,Guildroy,Tersina.Guildroy@yopmail.com,Tersina.Guildroy@gmail.com,worker
490,Mady,Chick,Mady.Chick@yopmail.com,Mady.Chick@gmail.com,firefighter
491,Gloria,Obed,Gloria.Obed@yopmail.com,Gloria.Obed@gmail.com,developer
492,Yetty,Behre,Yetty.Behre@yopmail.com,Yetty.Behre@gmail.com,worker
493,Aeriela,Yoko,Aeriela.Yoko@yopmail.com,Aeriela.Yoko@gmail.com,developer
494,Frieda,Vivle,Frieda.Vivle@yopmail.com,Frieda.Vivle@gmail.com,firefighter
495,Kore,My,Kore.My@yopmail.com,Kore.My@gmail.com,developer
496,Monika,Bluh,Monika.Bluh@yopmail.com,Monika.Bluh@gmail.com,worker
497,Georgetta,Wilona,Georgetta.Wilona@yopmail.com,Georgetta.Wilona@gmail.com,developer
498,Candy,Seligman,Candy.Seligman@yopmail.com,Candy.Seligman@gmail.com,worker
499,Gilda,Richers,Gilda.Richers@yopmail.com,Gilda.Richers@gmail.com,police officer
500,Doro,Ioab,Doro.Ioab@yopmail.com,Doro.Ioab@gmail.com,worker
501,Louella,Lynn,Louella.Lynn@yopmail.com,Louella.Lynn@gmail.com,worker
502,Vita,Calhoun,Vita.Calhoun@yopmail.com,Vita.Calhoun@gmail.com,doctor
503,Fredericka,Margarete,Fredericka.Margarete@yopmail.com,Fredericka.Margarete@gmail.com,police officer
504,Aili,Bluh,Aili.Bluh@yopmail.com,Aili.Bluh@gmail.com,doctor
505,Flo,McNully,Flo.McNully@yopmail.com,Flo.McNully@gmail.com,worker
506,Lorie,Dielu,Lorie.Dielu@yopmail.com,Lorie.Dielu@gmail.com,developer
507,Hallie,Codding,Hallie.Codding@yopmail.com,Hallie.Codding@gmail.com,doctor
508,Basia,Phaidra,Basia.Phaidra@yopmail.com,Basia.Phaidra@gmail.com,police officer
509,Marika,Susannah,Marika.Susannah@yopmail.com,Marika.Susannah@gmail.com,developer
510,Stephanie,Orlene,Stephanie.Orlene@yopmail.com,Stephanie.Orlene@gmail.com,police officer
511,Bobinette,Melleta,Bobinette.Melleta@yopmail.com,Bobinette.Melleta@gmail.com,developer
512,Harmonia,Kalinda,Harmonia.Kalinda@yopmail.com,Harmonia.Kalinda@gmail.com,police officer
513,Leia,Borrell,Leia.Borrell@yopmail.com,Leia.Borrell@gmail.com,doctor
514,Allis,Isacco,Allis.Isacco@yopmail.com,Allis.Isacco@gmail.com,firefighter
515,Harmonia,Cavan,Harmonia.Cavan@yopmail.com,Harmonia.Cavan@gmail.com,developer
516,Fanchon,Magnolia,Fanchon.Magnolia@yopmail.com,Fanchon.Magnolia@gmail.com,developer
517,Zsa Zsa,Ioab,Zsa Zsa.Ioab@yopmail.com,Zsa Zsa.Ioab@gmail.com,firefighter
518,Carolina,Mozelle,Carolina.Mozelle@yopmail.com,Carolina.Mozelle@gmail.com,developer
519,Annaliese,Alexandr,Annaliese.Alexandr@yopmail.com,Annaliese.Alexandr@gmail.com,police officer
520,Vita,Chrystel,Vita.Chrystel@yopmail.com,Vita.Chrystel@gmail.com,firefighter
521,Dyann,Dahlia,Dyann.Dahlia@yopmail.com,Dyann.Dahlia@gmail.com,doctor
522,Lenna,Korey,Lenna.Korey@yopmail.com,Lenna.Korey@gmail.com,developer
523,Shell,Sawtelle,Shell.Sawtelle@yopmail.com,Shell.Sawtelle@gmail.com,developer
524,Elora,Roscoe,Elora.Roscoe@yopmail.com,Elora.Roscoe@gmail.com,firefighter
525,Constance,Ietta,Constance.Ietta@yopmail.com,Constance.Ietta@gmail.com,police officer
526,Mady,Audly,Mady.Audly@yopmail.com,Mady.Audly@gmail.com,doctor
527,Elka,Niles,Elka.Niles@yopmail.com,Elka.Niles@gmail.com,worker
528,Nariko,Lumbard,Nariko.Lumbard@yopmail.com,Nariko.Lumbard@gmail.com,police officer
529,Britte,Idelia,Britte.Idelia@yopmail.com,Britte.Idelia@gmail.com,worker
530,Babita,Greenwald,Babita.Greenwald@yopmail.com,Babita.Greenwald@gmail.com,police officer
531,Vonny,Manolo,Vonny.Manolo@yopmail.com,Vonny.Manolo@gmail.com,worker
532,Carmencita,Schalles,Carmencita.Schalles@yopmail.com,Carmencita.Schalles@gmail.com,developer
533,Ardenia,Wenda,Ardenia.Wenda@yopmail.com,Ardenia.Wenda@gmail.com,police officer
534,Harmonia,Kussell,Harmonia.Kussell@yopmail.com,Harmonia.Kussell@gmail.com,developer
535,Loree,Kirstin,Loree.Kirstin@yopmail.com,Loree.Kirstin@gmail.com,developer
536,June,Khorma,June.Khorma@yopmail.com,June.Khorma@gmail.com,firefighter
537,Keelia,Tremayne,Keelia.Tremayne@yopmail.com,Keelia.Tremayne@gmail.com,firefighter
538,Ilse,Geffner,Ilse.Geffner@yopmail.com,Ilse.Geffner@gmail.com,worker
539,Alex,Pascia,Alex.Pascia@yopmail.com,Alex.Pascia@gmail.com,worker
540,Clarice,Grayce,Clarice.Grayce@yopmail.com,Clarice.Grayce@gmail.com,worker
541,Chickie,Arquit,Chickie.Arquit@yopmail.com,Chickie.Arquit@gmail.com,developer
542,Genevra,Jagir,Genevra.Jagir@yopmail.com,Genevra.Jagir@gmail.com,police officer
543,Corene,Ochs,Corene.Ochs@yopmail.com,Corene.Ochs@gmail.com,developer
544,Evaleen,Berl,Evaleen.Berl@yopmail.com,Evaleen.Berl@gmail.com,firefighter
545,Molli,Yam,Molli.Yam@yopmail.com,Molli.Yam@gmail.com,developer
546,Lory,Olympium,Lory.Olympium@yopmail.com,Lory.Olympium@gmail.com,worker
547,Priscilla,McCutcheon,Priscilla.McCutcheon@yopmail.com,Priscilla.McCutcheon@gmail.com,firefighter
548,Tierney,Soneson,Tierney.Soneson@yopmail.com,Tierney.Soneson@gmail.com,police officer
549,Marjie,Fennessy,Marjie.Fennessy@yopmail.com,Marjie.Fennessy@gmail.com,police officer
550,Rani,Love,Rani.Love@yopmail.com,Rani.Love@gmail.com,police officer
551,Dominga,Sparhawk,Dominga.Sparhawk@yopmail.com,Dominga.Sparhawk@gmail.com,developer
552,Ninnetta,Larochelle,Ninnetta.Larochelle@yopmail.com,Ninnetta.Larochelle@gmail.com,developer
553,Ardys,Robertson,Ardys.Robertson@yopmail.com,Ardys.Robertson@gmail.com,firefighter
554,Mara,Bakerman,Mara.Bakerman@yopmail.com,Mara.Bakerman@gmail.com,worker
555,Livvyy,Chauncey,Livvyy.Chauncey@yopmail.com,Livvyy.Chauncey@gmail.com,police officer
556,Deane,Anderea,Deane.Anderea@yopmail.com,Deane.Anderea@gmail.com,developer
557,Lusa,Devlen,Lusa.Devlen@yopmail.com,Lusa.Devlen@gmail.com,firefighter
558,Viviene,Joachim,Viviene.Joachim@yopmail.com,Viviene.Joachim@gmail.com,firefighter
559,Tressa,Atcliffe,Tressa.Atcliffe@yopmail.com,Tressa.Atcliffe@gmail.com,firefighter
560,Sophia,Ledah,Sophia.Ledah@yopmail.com,Sophia.Ledah@gmail.com,developer
561,Jan,Gunn,Jan.Gunn@yopmail.com,Jan.Gunn@gmail.com,developer
562,Dorothy,Wyn,Dorothy.Wyn@yopmail.com,Dorothy.Wyn@gmail.com,developer
563,Jorry,Trey,Jorry.Trey@yopmail.com,Jorry.Trey@gmail.com,doctor
564,Kara-Lynn,Rurik,Kara-Lynn.Rurik@yopmail.com,Kara-Lynn.Rurik@gmail.com,firefighter
565,Frances,Lanita,Frances.Lanita@yopmail.com,Frances.Lanita@gmail.com,developer
566,Evaleen,Bach,Evaleen.Bach@yopmail.com,Evaleen.Bach@gmail.com,worker
567,Viviene,Magdalen,Viviene.Magdalen@yopmail.com,Viviene.Magdalen@gmail.com,worker
568,Adele,Egbert,Adele.Egbert@yopmail.com,Adele.Egbert@gmail.com,firefighter
569,Talya,Nelsen,Talya.Nelsen@yopmail.com,Talya.Nelsen@gmail.com,doctor
570,Ivett,Darrell,Ivett.Darrell@yopmail.com,Ivett.Darrell@gmail.com,worker
571,Teddie,Jacqui,Teddie.Jacqui@yopmail.com,Teddie.Jacqui@gmail.com,worker
572,Sabina,Vernier,Sabina.Vernier@yopmail.com,Sabina.Vernier@gmail.com,police officer
573,Sue,Darian,Sue.Darian@yopmail.com,Sue.Darian@gmail.com,doctor
574,Carmencita,Zetta,Carmencita.Zetta@yopmail.com,Carmencita.Zetta@gmail.com,firefighter
575,Isa,Anestassia,Isa.Anestassia@yopmail.com,Isa.Anestassia@gmail.com,firefighter
576,Sean,Noman,Sean.Noman@yopmail.com,Sean.Noman@gmail.com,worker
577,Karena,Niccolo,Karena.Niccolo@yopmail.com,Karena.Niccolo@gmail.com,doctor
578,Lorenza,Alcott,Lorenza.Alcott@yopmail.com,Lorenza.Alcott@gmail.com,worker
579,Kelly,Bethany,Kelly.Bethany@yopmail.com,Kelly.Bethany@gmail.com,developer
580,Renae,Reneta,Renae.Reneta@yopmail.com,Renae.Reneta@gmail.com,developer
581,Kristina,Irmine,Kristina.Irmine@yopmail.com,Kristina.Irmine@gmail.com,police officer
582,Binny,Anselmi,Binny.Anselmi@yopmail.com,Binny.Anselmi@gmail.com,worker
583,Shaine,Medrek,Shaine.Medrek@yopmail.com,Shaine.Medrek@gmail.com,police officer
584,Chandra,Bandeen,Chandra.Bandeen@yopmail.com,Chandra.Bandeen@gmail.com,worker
585,Sam,Egbert,Sam.Egbert@yopmail.com,Sam.Egbert@gmail.com,doctor
586,Althea,Heidt,Althea.Heidt@yopmail.com,Althea.Heidt@gmail.com,doctor
587,Ursulina,Pascia,Ursulina.Pascia@yopmail.com,Ursulina.Pascia@gmail.com,developer
588,Sherrie,Pozzy,Sherrie.Pozzy@yopmail.com,Sherrie.Pozzy@gmail.com,firefighter
589,Zondra,Erminia,Zondra.Erminia@yopmail.com,Zondra.Erminia@gmail.com,developer
590,Kaia,Shirberg,Kaia.Shirberg@yopmail.com,Kaia.Shirberg@gmail.com,developer
591,Winifred,Linehan,Winifred.Linehan@yopmail.com,Winifred.Linehan@gmail.com,firefighter
592,Dorothy,Stav,Dorothy.Stav@yopmail.com,Dorothy.Stav@gmail.com,doctor
593,Tobe,Bergman,Tobe.Bergman@yopmail.com,Tobe.Bergman@gmail.com,developer
594,Robbi,Niles,Robbi.Niles@yopmail.com,Robbi.Niles@gmail.com,developer
595,Romona,Beebe,Romona.Beebe@yopmail.com,Romona.Beebe@gmail.com,doctor
596,Oralee,Bendick,Oralee.Bendick@yopmail.com,Oralee.Bendick@gmail.com,firefighter
597,Susette,Dorcy,Susette.Dorcy@yopmail.com,Susette.Dorcy@gmail.com,police officer
598,Phedra,Giff,Phedra.Giff@yopmail.com,Phedra.Giff@gmail.com,doctor
599,Marti,Rozanna,Marti.Rozanna@yopmail.com,Marti.Rozanna@gmail.com,firefighter
600,Kimmy,Weitman,Kimmy.Weitman@yopmail.com,Kimmy.Weitman@gmail.com,doctor
601,Glenda,Alrich,Glenda.Alrich@yopmail.com,Glenda.Alrich@gmail.com,police officer
602,Wileen,Cohdwell,Wileen.Cohdwell@yopmail.com,Wileen.Cohdwell@gmail.com,firefighter
603,Alisha,Lilybelle,Alisha.Lilybelle@yopmail.com,Alisha.Lilybelle@gmail.com,developer
604,Evita,Salvidor,Evita.Salvidor@yopmail.com,Evita.Salvidor@gmail.com,worker
605,Tersina,Adrienne,Tersina.Adrienne@yopmail.com,Tersina.Adrienne@gmail.com,doctor
606,Tomasina,Goerke,Tomasina.Goerke@yopmail.com,Tomasina.Goerke@gmail.com,worker
607,Rosanne,Milson,Rosanne.Milson@yopmail.com,Rosanne.Milson@gmail.com,developer
608,Letizia,Munn,Letizia.Munn@yopmail.com,Letizia.Munn@gmail.com,police officer
609,Antonietta,Yerkovich,Antonietta.Yerkovich@yopmail.com,Antonietta.Yerkovich@gmail.com,doctor
610,Amelia,Ax,Amelia.Ax@yopmail.com,Amelia.Ax@gmail.com,worker
611,Anallese,Nea,Anallese.Nea@yopmail.com,Anallese.Nea@gmail.com,developer
612,Devina,Naor,Devina.Naor@yopmail.com,Devina.Naor@gmail.com,doctor
613,Perry,Rosemary,Perry.Rosemary@yopmail.com,Perry.Rosemary@gmail.com,developer
614,Aili,Alva,Aili.Alva@yopmail.com,Aili.Alva@gmail.com,worker
615,June,Maroney,June.Maroney@yopmail.com,June.Maroney@gmail.com,developer
616,Dale,Laurianne,Dale.Laurianne@yopmail.com,Dale.Laurianne@gmail.com,developer
617,Giustina,Saint,Giustina.Saint@yopmail.com,Giustina.Saint@gmail.com,firefighter
618,Shaylyn,Phi,Shaylyn.Phi@yopmail.com,Shaylyn.Phi@gmail.com,developer
619,Nonnah,Clie,Nonnah.Clie@yopmail.com,Nonnah.Clie@gmail.com,doctor
620,Jacquetta,Odysseus,Jacquetta.Odysseus@yopmail.com,Jacquetta.Odysseus@gmail.com,firefighter
621,Tilly,Honoria,Tilly.Honoria@yopmail.com,Tilly.Honoria@gmail.com,police officer
622,Tori,Margarete,Tori.Margarete@yopmail.com,Tori.Margarete@gmail.com,worker
623,Ginnie,Arathorn,Ginnie.Arathorn@yopmail.com,Ginnie.Arathorn@gmail.com,firefighter
624,Consuela,Riordan,Consuela.Riordan@yopmail.com,Consuela.Riordan@gmail.com,worker
625,Marita,Baudin,Marita.Baudin@yopmail.com,Marita.Baudin@gmail.com,doctor
626,Karina,Jillane,Karina.Jillane@yopmail.com,Karina.Jillane@gmail.com,developer
627,Laurene,Artie,Laurene.Artie@yopmail.com,Laurene.Artie@gmail.com,doctor
628,Joleen,Klemperer,Joleen.Klemperer@yopmail.com,Joleen.Klemperer@gmail.com,worker
629,Anica,Capello,Anica.Capello@yopmail.com,Anica.Capello@gmail.com,developer
630,Kore,Timon,Kore.Timon@yopmail.com,Kore.Timon@gmail.com,firefighter
631,Hettie,Terencio,Hettie.Terencio@yopmail.com,Hettie.Terencio@gmail.com,developer
632,Desirae,Raama,Desirae.Raama@yopmail.com,Desirae.Raama@gmail.com,police officer
633,Justinn,Girardo,Justinn.Girardo@yopmail.com,Justinn.Girardo@gmail.com,developer
634,Christian,Malina,Christian.Malina@yopmail.com,Christian.Malina@gmail.com,developer
635,Ulrike,Keelia,Ulrike.Keelia@yopmail.com,Ulrike.Keelia@gmail.com,doctor
636,Tersina,Othilia,Tersina.Othilia@yopmail.com,Tersina.Othilia@gmail.com,developer
637,Vinita,Boehike,Vinita.Boehike@yopmail.com,Vinita.Boehike@gmail.com,police officer
638,Lynea,Nerita,Lynea.Nerita@yopmail.com,Lynea.Nerita@gmail.com,doctor
639,Silvana,Clywd,Silvana.Clywd@yopmail.com,Silvana.Clywd@gmail.com,firefighter
640,Roz,Olnee,Roz.Olnee@yopmail.com,Roz.Olnee@gmail.com,doctor
641,Mildrid,Sheedy,Mildrid.Sheedy@yopmail.com,Mildrid.Sheedy@gmail.com,firefighter
642,Danika,Ade,Danika.Ade@yopmail.com,Danika.Ade@gmail.com,firefighter
643,Wanda,Bohlin,Wanda.Bohlin@yopmail.com,Wanda.Bohlin@gmail.com,police officer
644,Asia,Olympium,Asia.Olympium@yopmail.com,Asia.Olympium@gmail.com,worker
645,Edith,Fulmer,Edith.Fulmer@yopmail.com,Edith.Fulmer@gmail.com,developer
646,Joceline,Raul,Joceline.Raul@yopmail.com,Joceline.Raul@gmail.com,worker
647,Elmira,Erlandson,Elmira.Erlandson@yopmail.com,Elmira.Erlandson@gmail.com,developer
648,Pollyanna,Aprile,Pollyanna.Aprile@yopmail.com,Pollyanna.Aprile@gmail.com,firefighter
649,Kylynn,Khorma,Kylynn.Khorma@yopmail.com,Kylynn.Khorma@gmail.com,developer
650,Nyssa,Othilia,Nyssa.Othilia@yopmail.com,Nyssa.Othilia@gmail.com,firefighter
651,Dominga,Rooney,Dominga.Rooney@yopmail.com,Dominga.Rooney@gmail.com,firefighter
652,Adele,Allare,Adele.Allare@yopmail.com,Adele.Allare@gmail.com,developer
653,Mureil,Papageno,Mureil.Papageno@yopmail.com,Mureil.Papageno@gmail.com,developer
654,Harrietta,Bronk,Harrietta.Bronk@yopmail.com,Harrietta.Bronk@gmail.com,firefighter
655,Jackie,Felecia,Jackie.Felecia@yopmail.com,Jackie.Felecia@gmail.com,doctor
656,Cherilyn,Lesley,Cherilyn.Lesley@yopmail.com,Cherilyn.Lesley@gmail.com,worker
657,Belva,Guthrie,Belva.Guthrie@yopmail.com,Belva.Guthrie@gmail.com,developer
658,Letizia,Gunn,Letizia.Gunn@yopmail.com,Letizia.Gunn@gmail.com,worker
659,Lolita,Cadmar,Lolita.Cadmar@yopmail.com,Lolita.Cadmar@gmail.com,police officer
660,Alejandra,Croix,Alejandra.Croix@yopmail.com,Alejandra.Croix@gmail.com,doctor
661,Ricky,Argus,Ricky.Argus@yopmail.com,Ricky.Argus@gmail.com,police officer
662,Genovera,Baudin,Genovera.Baudin@yopmail.com,Genovera.Baudin@gmail.com,firefighter
663,Trudie,Holbrook,Trudie.Holbrook@yopmail.com,Trudie.Holbrook@gmail.com,doctor
664,Patricia,Ethban,Patricia.Ethban@yopmail.com,Patricia.Ethban@gmail.com,firefighter
665,Nickie,Erminia,Nickie.Erminia@yopmail.com,Nickie.Erminia@gmail.com,police officer
666,Katharina,Cutlerr,Katharina.Cutlerr@yopmail.com,Katharina.Cutlerr@gmail.com,developer
667,Sibella,Vorster,Sibella.Vorster@yopmail.com,Sibella.Vorster@gmail.com,developer
668,Marline,Lumbard,Marline.Lumbard@yopmail.com,Marline.Lumbard@gmail.com,doctor
669,Merrie,Tristram,Merrie.Tristram@yopmail.com,Merrie.Tristram@gmail.com,firefighter
670,Constance,Francene,Constance.Francene@yopmail.com,Constance.Francene@gmail.com,firefighter
671,Susan,Baylor,Susan.Baylor@yopmail.com,Susan.Baylor@gmail.com,firefighter
672,Mignon,Lail,Mignon.Lail@yopmail.com,Mignon.Lail@gmail.com,doctor
673,Gwenneth,Heidt,Gwenneth.Heidt@yopmail.com,Gwenneth.Heidt@gmail.com,firefighter
674,Keelia,Karna,Keelia.Karna@yopmail.com,Keelia.Karna@gmail.com,worker
675,Ada,Briney,Ada.Briney@yopmail.com,Ada.Briney@gmail.com,police officer
676,Jacenta,Lorain,Jacenta.Lorain@yopmail.com,Jacenta.Lorain@gmail.com,developer
677,Krystle,Prober,Krystle.Prober@yopmail.com,Krystle.Prober@gmail.com,doctor
678,Aigneis,Henrie,Aigneis.Henrie@yopmail.com,Aigneis.Henrie@gmail.com,police officer
679,Wanda,Fabiola,Wanda.Fabiola@yopmail.com,Wanda.Fabiola@gmail.com,doctor
680,Marcelline,Septima,Marcelline.Septima@yopmail.com,Marcelline.Septima@gmail.com,doctor
681,Kellen,Jarib,Kellen.Jarib@yopmail.com,Kellen.Jarib@gmail.com,firefighter
682,Lindie,Tengdin,Lindie.Tengdin@yopmail.com,Lindie.Tengdin@gmail.com,worker
683,Dorice,Jena,Dorice.Jena@yopmail.com,Dorice.Jena@gmail.com,developer
684,Madelle,Radu,Madelle.Radu@yopmail.com,Madelle.Radu@gmail.com,worker
685,Esmeralda,Francene,Esmeralda.Francene@yopmail.com,Esmeralda.Francene@gmail.com,developer
686,Ashlee,Leopold,Ashlee.Leopold@yopmail.com,Ashlee.Leopold@gmail.com,police officer
687,Minne,Hylan,Minne.Hylan@yopmail.com,Minne.Hylan@gmail.com,worker
688,Alie,Argus,Alie.Argus@yopmail.com,Alie.Argus@gmail.com,developer
689,Malina,Darrell,Malina.Darrell@yopmail.com,Malina.Darrell@gmail.com,doctor
690,Heddie,Primalia,Heddie.Primalia@yopmail.com,Heddie.Primalia@gmail.com,police officer
691,Nannie,Infield,Nannie.Infield@yopmail.com,Nannie.Infield@gmail.com,worker
692,Eadie,Reidar,Eadie.Reidar@yopmail.com,Eadie.Reidar@gmail.com,doctor
693,Latisha,Alva,Latisha.Alva@yopmail.com,Latisha.Alva@gmail.com,doctor
694,Ivett,Susannah,Ivett.Susannah@yopmail.com,Ivett.Susannah@gmail.com,developer
695,Christal,Joni,Christal.Joni@yopmail.com,Christal.Joni@gmail.com,worker
696,Rochette,Graig,Rochette.Graig@yopmail.com,Rochette.Graig@gmail.com,police officer
697,Louella,Catie,Louella.Catie@yopmail.com,Louella.Catie@gmail.com,firefighter
698,Kalina,Si,Kalina.Si@yopmail.com,Kalina.Si@gmail.com,firefighter
699,Heddie,Linskey,Heddie.Linskey@yopmail.com,Heddie.Linskey@gmail.com,developer
700,Sallie,Ader,Sallie.Ader@yopmail.com,Sallie.Ader@gmail.com,worker
701,Madalyn,Dermott,Madalyn.Dermott@yopmail.com,Madalyn.Dermott@gmail.com,worker
702,Jenilee,Swanhildas,Jenilee.Swanhildas@yopmail.com,Jenilee.Swanhildas@gmail.com,developer
703,Rochette,Wattenberg,Rochette.Wattenberg@yopmail.com,Rochette.Wattenberg@gmail.com,doctor
704,Constance,Stephie,Constance.Stephie@yopmail.com,Constance.Stephie@gmail.com,worker
705,Sharlene,Hachmin,Sharlene.Hachmin@yopmail.com,Sharlene.Hachmin@gmail.com,firefighter
706,Georgetta,Marden,Georgetta.Marden@yopmail.com,Georgetta.Marden@gmail.com,firefighter
707,Mariann,Neva,Mariann.Neva@yopmail.com,Mariann.Neva@gmail.com,worker
708,Jennica,Gower,Jennica.Gower@yopmail.com,Jennica.Gower@gmail.com,developer
709,Janey,Pearse,Janey.Pearse@yopmail.com,Janey.Pearse@gmail.com,doctor
710,Vinita,Zeeba,Vinita.Zeeba@yopmail.com,Vinita.Zeeba@gmail.com,firefighter
711,Viki,Concha,Viki.Concha@yopmail.com,Viki.Concha@gmail.com,police officer
712,Arlena,Tarrant,Arlena.Tarrant@yopmail.com,Arlena.Tarrant@gmail.com,police officer
713,Fernande,Alrich,Fernande.Alrich@yopmail.com,Fernande.Alrich@gmail.com,developer
714,Ernesta,Oster,Ernesta.Oster@yopmail.com,Ernesta.Oster@gmail.com,worker
715,Etta,Vittoria,Etta.Vittoria@yopmail.com,Etta.Vittoria@gmail.com,worker
716,Luci,Hathaway,Luci.Hathaway@yopmail.com,Luci.Hathaway@gmail.com,worker
717,Mallory,Fitzsimmons,Mallory.Fitzsimmons@yopmail.com,Mallory.Fitzsimmons@gmail.com,police officer
718,Verla,Laverne,Verla.Laverne@yopmail.com,Verla.Laverne@gmail.com,worker
719,Rosanne,Kenney,Rosanne.Kenney@yopmail.com,Rosanne.Kenney@gmail.com,worker
720,Pearline,Toni,Pearline.Toni@yopmail.com,Pearline.Toni@gmail.com,worker
721,Mellicent,Jillane,Mellicent.Jillane@yopmail.com,Mellicent.Jillane@gmail.com,doctor
722,Deirdre,Rogerio,Deirdre.Rogerio@yopmail.com,Deirdre.Rogerio@gmail.com,worker
723,Kial,Lory,Kial.Lory@yopmail.com,Kial.Lory@gmail.com,doctor
724,Merrie,Naashom,Merrie.Naashom@yopmail.com,Merrie.Naashom@gmail.com,developer
725,Aigneis,Kussell,Aigneis.Kussell@yopmail.com,Aigneis.Kussell@gmail.com,doctor
726,Albertina,Rillings,Albertina.Rillings@yopmail.com,Albertina.Rillings@gmail.com,developer
727,Jessy,Anestassia,Jessy.Anestassia@yopmail.com,Jessy.Anestassia@gmail.com,developer
728,Dennie,Kiersten,Dennie.Kiersten@yopmail.com,Dennie.Kiersten@gmail.com,developer
729,Wynne,Codding,Wynne.Codding@yopmail.com,Wynne.Codding@gmail.com,firefighter
730,Amelia,Douglass,Amelia.Douglass@yopmail.com,Amelia.Douglass@gmail.com,police officer
731,Mara,Lay,Mara.Lay@yopmail.com,Mara.Lay@gmail.com,firefighter
732,Christy,Sparhawk,Christy.Sparhawk@yopmail.com,Christy.Sparhawk@gmail.com,worker
733,Brianna,Swigart,Brianna.Swigart@yopmail.com,Brianna.Swigart@gmail.com,worker
734,Elfreda,Lumbard,Elfreda.Lumbard@yopmail.com,Elfreda.Lumbard@gmail.com,doctor
735,Melina,Daniele,Melina.Daniele@yopmail.com,Melina.Daniele@gmail.com,doctor
736,Elbertina,Wallis,Elbertina.Wallis@yopmail.com,Elbertina.Wallis@gmail.com,police officer
737,Melina,Arley,Melina.Arley@yopmail.com,Melina.Arley@gmail.com,firefighter
738,Kimmy,Noman,Kimmy.Noman@yopmail.com,Kimmy.Noman@gmail.com,worker
739,Carree,Atcliffe,Carree.Atcliffe@yopmail.com,Carree.Atcliffe@gmail.com,firefighter
740,Kary,Bonilla,Kary.Bonilla@yopmail.com,Kary.Bonilla@gmail.com,police officer
741,Joane,McClimans,Joane.McClimans@yopmail.com,Joane.McClimans@gmail.com,police officer
742,Kelly,Jary,Kelly.Jary@yopmail.com,Kelly.Jary@gmail.com,firefighter
743,Mildrid,Peg,Mildrid.Peg@yopmail.com,Mildrid.Peg@gmail.com,doctor
744,Cacilie,Ovid,Cacilie.Ovid@yopmail.com,Cacilie.Ovid@gmail.com,worker
745,Dominga,Bach,Dominga.Bach@yopmail.com,Dominga.Bach@gmail.com,developer
746,Carly,Ammann,Carly.Ammann@yopmail.com,Carly.Ammann@gmail.com,doctor
747,Dede,Alexandr,Dede.Alexandr@yopmail.com,Dede.Alexandr@gmail.com,developer
748,Beverley,Lubin,Beverley.Lubin@yopmail.com,Beverley.Lubin@gmail.com,doctor
749,Rosanne,Roche,Rosanne.Roche@yopmail.com,Rosanne.Roche@gmail.com,developer
750,Theodora,Sherrie,Theodora.Sherrie@yopmail.com,Theodora.Sherrie@gmail.com,firefighter
751,Charlena,Lanita,Charlena.Lanita@yopmail.com,Charlena.Lanita@gmail.com,police officer
752,Drucie,Holtz,Drucie.Holtz@yopmail.com,Drucie.Holtz@gmail.com,developer
753,Valeda,Kesley,Valeda.Kesley@yopmail.com,Valeda.Kesley@gmail.com,worker
754,Paola,Lilybelle,Paola.Lilybelle@yopmail.com,Paola.Lilybelle@gmail.com,developer
755,Lauryn,Haerr,Lauryn.Haerr@yopmail.com,Lauryn.Haerr@gmail.com,developer
756,Karina,Hoban,Karina.Hoban@yopmail.com,Karina.Hoban@gmail.com,doctor
757,Frieda,Sophronia,Frieda.Sophronia@yopmail.com,Frieda.Sophronia@gmail.com,worker
758,Yolane,Roumell,Yolane.Roumell@yopmail.com,Yolane.Roumell@gmail.com,developer
759,Heida,Taam,Heida.Taam@yopmail.com,Heida.Taam@gmail.com,worker
760,Atlanta,Nahum,Atlanta.Nahum@yopmail.com,Atlanta.Nahum@gmail.com,developer
761,Amii,Ehrman,Amii.Ehrman@yopmail.com,Amii.Ehrman@gmail.com,police officer
762,Pearline,Solitta,Pearline.Solitta@yopmail.com,Pearline.Solitta@gmail.com,police officer
763,Cecile,Shanley,Cecile.Shanley@yopmail.com,Cecile.Shanley@gmail.com,doctor
764,Dolli,Holtz,Dolli.Holtz@yopmail.com,Dolli.Holtz@gmail.com,doctor
765,Livvyy,Yam,Livvyy.Yam@yopmail.com,Livvyy.Yam@gmail.com,police officer
766,Claresta,Mehalek,Claresta.Mehalek@yopmail.com,Claresta.Mehalek@gmail.com,worker
767,Minda,O'Carroll,Minda.O'Carroll@yopmail.com,Minda.O'Carroll@gmail.com,developer
768,Mariele,Oscar,Mariele.Oscar@yopmail.com,Mariele.Oscar@gmail.com,doctor
769,Antonietta,Evvie,Antonietta.Evvie@yopmail.com,Antonietta.Evvie@gmail.com,police officer
770,Jennica,Loleta,Jennica.Loleta@yopmail.com,Jennica.Loleta@gmail.com,developer
771,Hallie,Milde,Hallie.Milde@yopmail.com,Hallie.Milde@gmail.com,police officer
772,Kimberley,Kaja,Kimberley.Kaja@yopmail.com,Kimberley.Kaja@gmail.com,worker
773,Raina,Fabiola,Raina.Fabiola@yopmail.com,Raina.Fabiola@gmail.com,firefighter
774,Sue,Mata,Sue.Mata@yopmail.com,Sue.Mata@gmail.com,police officer
775,Merry,Marisa,Merry.Marisa@yopmail.com,Merry.Marisa@gmail.com,developer
776,Minda,Laverne,Minda.Laverne@yopmail.com,Minda.Laverne@gmail.com,police officer
777,Clo,Masao,Clo.Masao@yopmail.com,Clo.Masao@gmail.com,doctor
778,Katleen,Reidar,Katleen.Reidar@yopmail.com,Katleen.Reidar@gmail.com,worker
779,Di,Barbey,Di.Barbey@yopmail.com,Di.Barbey@gmail.com,worker
780,Maurene,Tryck,Maurene.Tryck@yopmail.com,Maurene.Tryck@gmail.com,worker
781,Deloria,Donell,Deloria.Donell@yopmail.com,Deloria.Donell@gmail.com,developer
782,Laure,Greenwald,Laure.Greenwald@yopmail.com,Laure.Greenwald@gmail.com,doctor
783,Aili,Fairweather,Aili.Fairweather@yopmail.com,Aili.Fairweather@gmail.com,firefighter
784,Lanae,Deny,Lanae.Deny@yopmail.com,Lanae.Deny@gmail.com,developer
785,Briney,Gordon,Briney.Gordon@yopmail.com,Briney.Gordon@gmail.com,worker
786,Brandise,Ellerey,Brandise.Ellerey@yopmail.com,Brandise.Ellerey@gmail.com,worker
787,Anestassia,Prouty,Anestassia.Prouty@yopmail.com,Anestassia.Prouty@gmail.com,firefighter
788,Sharai,Riordan,Sharai.Riordan@yopmail.com,Sharai.Riordan@gmail.com,worker
789,Sybille,Jillane,Sybille.Jillane@yopmail.com,Sybille.Jillane@gmail.com,developer
790,Nessie,Mintz,Nessie.Mintz@yopmail.com,Nessie.Mintz@gmail.com,police officer
791,Sue,Seligman,Sue.Seligman@yopmail.com,Sue.Seligman@gmail.com,police officer
792,Sonni,Harriman,Sonni.Harriman@yopmail.com,Sonni.Harriman@gmail.com,doctor
793,Deedee,Engdahl,Deedee.Engdahl@yopmail.com,Deedee.Engdahl@gmail.com,worker
794,Annabela,Stav,Annabela.Stav@yopmail.com,Annabela.Stav@gmail.com,doctor
795,Gavrielle,Eliathas,Gavrielle.Eliathas@yopmail.com,Gavrielle.Eliathas@gmail.com,developer
796,Joceline,Anderea,Joceline.Anderea@yopmail.com,Joceline.Anderea@gmail.com,firefighter
797,Vevay,Presber,Vevay.Presber@yopmail.com,Vevay.Presber@gmail.com,police officer
798,Valli,Weide,Valli.Weide@yopmail.com,Valli.Weide@gmail.com,doctor
799,Verla,Douglass,Verla.Douglass@yopmail.com,Verla.Douglass@gmail.com,worker
800,Albertina,Angelis,Albertina.Angelis@yopmail.com,Albertina.Angelis@gmail.com,worker
801,Meghann,Ruvolo,Meghann.Ruvolo@yopmail.com,Meghann.Ruvolo@gmail.com,doctor
802,Marsiella,Zamora,Marsiella.Zamora@yopmail.com,Marsiella.Zamora@gmail.com,worker
803,Vonny,Noam,Vonny.Noam@yopmail.com,Vonny.Noam@gmail.com,firefighter
804,Aeriela,Stoller,Aeriela.Stoller@yopmail.com,Aeriela.Stoller@gmail.com,worker
805,Tamqrah,Wilona,Tamqrah.Wilona@yopmail.com,Tamqrah.Wilona@gmail.com,police officer
806,Babita,Ahab,Babita.Ahab@yopmail.com,Babita.Ahab@gmail.com,firefighter
807,Gertrud,Carmena,Gertrud.Carmena@yopmail.com,Gertrud.Carmena@gmail.com,police officer
808,Angela,Erskine,Angela.Erskine@yopmail.com,Angela.Erskine@gmail.com,worker
809,Cassandra,Colleen,Cassandra.Colleen@yopmail.com,Cassandra.Colleen@gmail.com,police officer
810,Eadie,Sothena,Eadie.Sothena@yopmail.com,Eadie.Sothena@gmail.com,worker
811,Cherilyn,Shanley,Cherilyn.Shanley@yopmail.com,Cherilyn.Shanley@gmail.com,developer
812,Phedra,Zina,Phedra.Zina@yopmail.com,Phedra.Zina@gmail.com,police officer
813,Susan,Robertson,Susan.Robertson@yopmail.com,Susan.Robertson@gmail.com,developer
814,Gisela,Odysseus,Gisela.Odysseus@yopmail.com,Gisela.Odysseus@gmail.com,firefighter
815,Kenna,Sothena,Kenna.Sothena@yopmail.com,Kenna.Sothena@gmail.com,firefighter
816,Sissy,Phyllis,Sissy.Phyllis@yopmail.com,Sissy.Phyllis@gmail.com,developer
817,Jere,Kolnick,Jere.Kolnick@yopmail.com,Jere.Kolnick@gmail.com,developer
818,Camile,Corrine,Camile.Corrine@yopmail.com,Camile.Corrine@gmail.com,doctor
819,Roxane,Bonucci,Roxane.Bonucci@yopmail.com,Roxane.Bonucci@gmail.com,police officer
820,Zsa Zsa,Durante,Zsa Zsa.Durante@yopmail.com,Zsa Zsa.Durante@gmail.com,developer
821,Rani,Friede,Rani.Friede@yopmail.com,Rani.Friede@gmail.com,police officer
822,Merle,Ellord,Merle.Ellord@yopmail.com,Merle.Ellord@gmail.com,doctor
823,Etta,Morgun,Etta.Morgun@yopmail.com,Etta.Morgun@gmail.com,developer
824,Corina,Bashemeth,Corina.Bashemeth@yopmail.com,Corina.Bashemeth@gmail.com,worker
825,Daryl,Noelyn,Daryl.Noelyn@yopmail.com,Daryl.Noelyn@gmail.com,doctor
826,Margalo,Ashok,Margalo.Ashok@yopmail.com,Margalo.Ashok@gmail.com,worker
827,Janis,Atonsah,Janis.Atonsah@yopmail.com,Janis.Atonsah@gmail.com,police officer
828,Oona,Woodberry,Oona.Woodberry@yopmail.com,Oona.Woodberry@gmail.com,firefighter
829,Aryn,Vittoria,Aryn.Vittoria@yopmail.com,Aryn.Vittoria@gmail.com,doctor
830,Shell,Lowry,Shell.Lowry@yopmail.com,Shell.Lowry@gmail.com,doctor
831,Ileana,Lemuela,Ileana.Lemuela@yopmail.com,Ileana.Lemuela@gmail.com,developer
832,Nollie,Othilia,Nollie.Othilia@yopmail.com,Nollie.Othilia@gmail.com,developer
833,Jacenta,Shama,Jacenta.Shama@yopmail.com,Jacenta.Shama@gmail.com,doctor
834,Anestassia,Blisse,Anestassia.Blisse@yopmail.com,Anestassia.Blisse@gmail.com,firefighter
835,Amalie,Wallis,Amalie.Wallis@yopmail.com,Amalie.Wallis@gmail.com,doctor
836,Etta,Mendez,Etta.Mendez@yopmail.com,Etta.Mendez@gmail.com,worker
837,Nadine,An,Nadine.An@yopmail.com,Nadine.An@gmail.com,doctor
838,Shaine,Capello,Shaine.Capello@yopmail.com,Shaine.Capello@gmail.com,police officer
839,Brianna,Dearborn,Brianna.Dearborn@yopmail.com,Brianna.Dearborn@gmail.com,worker
840,Sheree,Gusella,Sheree.Gusella@yopmail.com,Sheree.Gusella@gmail.com,police officer
841,Karina,Libna,Karina.Libna@yopmail.com,Karina.Libna@gmail.com,worker
842,Sharlene,Arvo,Sharlene.Arvo@yopmail.com,Sharlene.Arvo@gmail.com,firefighter
843,Belinda,Mich,Belinda.Mich@yopmail.com,Belinda.Mich@gmail.com,doctor
844,Georgetta,Romelda,Georgetta.Romelda@yopmail.com,Georgetta.Romelda@gmail.com,police officer
845,Mildrid,Engdahl,Mildrid.Engdahl@yopmail.com,Mildrid.Engdahl@gmail.com,doctor
846,Raina,Weinreb,Raina.Weinreb@yopmail.com,Raina.Weinreb@gmail.com,worker
847,Rosabelle,Duwalt,Rosabelle.Duwalt@yopmail.com,Rosabelle.Duwalt@gmail.com,worker
848,Miquela,Toor,Miquela.Toor@yopmail.com,Miquela.Toor@gmail.com,doctor
849,Caryl,Rocray,Caryl.Rocray@yopmail.com,Caryl.Rocray@gmail.com,police officer
850,Jan,Arathorn,Jan.Arathorn@yopmail.com,Jan.Arathorn@gmail.com,worker
851,Belva,Dosia,Belva.Dosia@yopmail.com,Belva.Dosia@gmail.com,doctor
852,Hermione,Danby,Hermione.Danby@yopmail.com,Hermione.Danby@gmail.com,developer
853,Shandie,Ajay,Shandie.Ajay@yopmail.com,Shandie.Ajay@gmail.com,worker
854,Dawn,Raama,Dawn.Raama@yopmail.com,Dawn.Raama@gmail.com,worker
855,Vivia,Anis,Vivia.Anis@yopmail.com,Vivia.Anis@gmail.com,firefighter
856,Millie,Konyn,Millie.Konyn@yopmail.com,Millie.Konyn@gmail.com,developer
857,Benita,Sancho,Benita.Sancho@yopmail.com,Benita.Sancho@gmail.com,worker
858,Cathyleen,Beebe,Cathyleen.Beebe@yopmail.com,Cathyleen.Beebe@gmail.com,developer
859,Bettine,Florina,Bettine.Florina@yopmail.com,Bettine.Florina@gmail.com,worker
860,Beth,Roche,Beth.Roche@yopmail.com,Beth.Roche@gmail.com,worker
861,Kara-Lynn,Ramona,Kara-Lynn.Ramona@yopmail.com,Kara-Lynn.Ramona@gmail.com,firefighter
862,Adele,Nester,Adele.Nester@yopmail.com,Adele.Nester@gmail.com,doctor
863,Riannon,Cookie,Riannon.Cookie@yopmail.com,Riannon.Cookie@gmail.com,doctor
864,Caryl,Maroney,Caryl.Maroney@yopmail.com,Caryl.Maroney@gmail.com,police officer
865,Clary,Jess,Clary.Jess@yopmail.com,Clary.Jess@gmail.com,developer
866,Fayre,Norvol,Fayre.Norvol@yopmail.com,Fayre.Norvol@gmail.com,police officer
867,Fred,Maryanne,Fred.Maryanne@yopmail.com,Fred.Maryanne@gmail.com,police officer
868,Blake,Podvin,Blake.Podvin@yopmail.com,Blake.Podvin@gmail.com,firefighter
869,Vere,Kravits,Vere.Kravits@yopmail.com,Vere.Kravits@gmail.com,worker
870,Evaleen,Ferino,Evaleen.Ferino@yopmail.com,Evaleen.Ferino@gmail.com,doctor
871,Lanae,Thornburg,Lanae.Thornburg@yopmail.com,Lanae.Thornburg@gmail.com,developer
872,Augustine,Klotz,Augustine.Klotz@yopmail.com,Augustine.Klotz@gmail.com,developer
873,Elie,Marijo,Elie.Marijo@yopmail.com,Elie.Marijo@gmail.com,firefighter
874,Mireielle,Euridice,Mireielle.Euridice@yopmail.com,Mireielle.Euridice@gmail.com,worker
875,Janenna,Raama,Janenna.Raama@yopmail.com,Janenna.Raama@gmail.com,worker
876,Brietta,Holtz,Brietta.Holtz@yopmail.com,Brietta.Holtz@gmail.com,police officer
877,Beth,Brandice,Beth.Brandice@yopmail.com,Beth.Brandice@gmail.com,doctor
878,Marita,Jobi,Marita.Jobi@yopmail.com,Marita.Jobi@gmail.com,doctor
879,Karina,Riordan,Karina.Riordan@yopmail.com,Karina.Riordan@gmail.com,firefighter
880,Atlanta,Waite,Atlanta.Waite@yopmail.com,Atlanta.Waite@gmail.com,worker
881,Maurene,Miru,Maurene.Miru@yopmail.com,Maurene.Miru@gmail.com,worker
882,Netty,Amasa,Netty.Amasa@yopmail.com,Netty.Amasa@gmail.com,developer
883,Joceline,Garrison,Joceline.Garrison@yopmail.com,Joceline.Garrison@gmail.com,developer
884,Jan,Maryanne,Jan.Maryanne@yopmail.com,Jan.Maryanne@gmail.com,firefighter
885,Chrystel,Allina,Chrystel.Allina@yopmail.com,Chrystel.Allina@gmail.com,developer
886,Arlena,Saunderson,Arlena.Saunderson@yopmail.com,Arlena.Saunderson@gmail.com,doctor
887,Sheree,Janene,Sheree.Janene@yopmail.com,Sheree.Janene@gmail.com,doctor
888,Corry,Zenas,Corry.Zenas@yopmail.com,Corry.Zenas@gmail.com,developer
889,Merry,Japeth,Merry.Japeth@yopmail.com,Merry.Japeth@gmail.com,police officer
890,Kimmy,Dielu,Kimmy.Dielu@yopmail.com,Kimmy.Dielu@gmail.com,police officer
891,Mildrid,Saunderson,Mildrid.Saunderson@yopmail.com,Mildrid.Saunderson@gmail.com,doctor
892,Margette,Hanshaw,Margette.Hanshaw@yopmail.com,Margette.Hanshaw@gmail.com,developer
893,Larine,Erminia,Larine.Erminia@yopmail.com,Larine.Erminia@gmail.com,police officer
894,Chastity,Rozanna,Chastity.Rozanna@yopmail.com,Chastity.Rozanna@gmail.com,worker
895,Carmencita,Ferrell,Carmencita.Ferrell@yopmail.com,Carmencita.Ferrell@gmail.com,police officer
896,Marinna,Prober,Marinna.Prober@yopmail.com,Marinna.Prober@gmail.com,police officer
897,Lexine,Baylor,Lexine.Baylor@yopmail.com,Lexine.Baylor@gmail.com,police officer
898,Christal,Garek,Christal.Garek@yopmail.com,Christal.Garek@gmail.com,firefighter
899,Rhoda,Doig,Rhoda.Doig@yopmail.com,Rhoda.Doig@gmail.com,police officer
900,Heida,Garlinda,Heida.Garlinda@yopmail.com,Heida.Garlinda@gmail.com,firefighter
901,Chandra,Jehu,Chandra.Jehu@yopmail.com,Chandra.Jehu@gmail.com,firefighter
902,Arabel,Marlie,Arabel.Marlie@yopmail.com,Arabel.Marlie@gmail.com,worker
903,Lita,Warthman,Lita.Warthman@yopmail.com,Lita.Warthman@gmail.com,firefighter
904,Jenilee,Alice,Jenilee.Alice@yopmail.com,Jenilee.Alice@gmail.com,doctor
905,Melisent,Emmaline,Melisent.Emmaline@yopmail.com,Melisent.Emmaline@gmail.com,police officer
906,Hallie,Bartlett,Hallie.Bartlett@yopmail.com,Hallie.Bartlett@gmail.com,police officer
907,Mady,Bluh,Mady.Bluh@yopmail.com,Mady.Bluh@gmail.com,police officer
908,Carol-Jean,Screens,Carol-Jean.Screens@yopmail.com,Carol-Jean.Screens@gmail.com,police officer
909,Nollie,Loleta,Nollie.Loleta@yopmail.com,Nollie.Loleta@gmail.com,developer
910,Marsiella,Lindemann,Marsiella.Lindemann@yopmail.com,Marsiella.Lindemann@gmail.com,worker
911,Kirbee,Smitt,Kirbee.Smitt@yopmail.com,Kirbee.Smitt@gmail.com,doctor
912,Shandie,Bouchard,Shandie.Bouchard@yopmail.com,Shandie.Bouchard@gmail.com,developer
913,Averyl,Nance,Averyl.Nance@yopmail.com,Averyl.Nance@gmail.com,doctor
914,Brietta,Suk,Brietta.Suk@yopmail.com,Brietta.Suk@gmail.com,doctor
915,Carolina,Allina,Carolina.Allina@yopmail.com,Carolina.Allina@gmail.com,worker
916,Melisent,Belanger,Melisent.Belanger@yopmail.com,Melisent.Belanger@gmail.com,police officer
917,Pierette,Lewes,Pierette.Lewes@yopmail.com,Pierette.Lewes@gmail.com,developer
918,Winny,Martguerita,Winny.Martguerita@yopmail.com,Winny.Martguerita@gmail.com,developer
919,Gwenneth,Nelsen,Gwenneth.Nelsen@yopmail.com,Gwenneth.Nelsen@gmail.com,doctor
920,Alleen,Baylor,Alleen.Baylor@yopmail.com,Alleen.Baylor@gmail.com,developer
921,Roberta,Ramona,Roberta.Ramona@yopmail.com,Roberta.Ramona@gmail.com,doctor
922,Ellette,Ferrell,Ellette.Ferrell@yopmail.com,Ellette.Ferrell@gmail.com,doctor
923,Konstance,Henrie,Konstance.Henrie@yopmail.com,Konstance.Henrie@gmail.com,worker
924,Chastity,Han,Chastity.Han@yopmail.com,Chastity.Han@gmail.com,police officer
925,Tina,Chem,Tina.Chem@yopmail.com,Tina.Chem@gmail.com,developer
926,Tierney,Ruvolo,Tierney.Ruvolo@yopmail.com,Tierney.Ruvolo@gmail.com,police officer
927,Christy,Hollingsworth,Christy.Hollingsworth@yopmail.com,Christy.Hollingsworth@gmail.com,doctor
928,Audrie,Hathaway,Audrie.Hathaway@yopmail.com,Audrie.Hathaway@gmail.com,police officer
929,Carree,Albertine,Carree.Albertine@yopmail.com,Carree.Albertine@gmail.com,firefighter
930,Janenna,Docilla,Janenna.Docilla@yopmail.com,Janenna.Docilla@gmail.com,doctor
931,Zaria,Alcott,Zaria.Alcott@yopmail.com,Zaria.Alcott@gmail.com,firefighter
932,Wynne,Kress,Wynne.Kress@yopmail.com,Wynne.Kress@gmail.com,firefighter
933,Lusa,Pip,Lusa.Pip@yopmail.com,Lusa.Pip@gmail.com,firefighter
934,Vevay,Kirstin,Vevay.Kirstin@yopmail.com,Vevay.Kirstin@gmail.com,doctor
935,Kenna,Paine,Kenna.Paine@yopmail.com,Kenna.Paine@gmail.com,developer
936,Emylee,Nance,Emylee.Nance@yopmail.com,Emylee.Nance@gmail.com,firefighter
937,Orelia,Hermes,Orelia.Hermes@yopmail.com,Orelia.Hermes@gmail.com,police officer
938,Ekaterina,Fleeta,Ekaterina.Fleeta@yopmail.com,Ekaterina.Fleeta@gmail.com,developer
939,Jasmina,Travax,Jasmina.Travax@yopmail.com,Jasmina.Travax@gmail.com,doctor
940,Raina,Niles,Raina.Niles@yopmail.com,Raina.Niles@gmail.com,worker
941,Larine,Han,Larine.Han@yopmail.com,Larine.Han@gmail.com,doctor
942,Elka,Ovid,Elka.Ovid@yopmail.com,Elka.Ovid@gmail.com,doctor
943,Margette,Birdella,Margette.Birdella@yopmail.com,Margette.Birdella@gmail.com,doctor
944,Jasmina,Joni,Jasmina.Joni@yopmail.com,Jasmina.Joni@gmail.com,doctor
945,Frances,Nester,Frances.Nester@yopmail.com,Frances.Nester@gmail.com,police officer
946,Glynnis,Randene,Glynnis.Randene@yopmail.com,Glynnis.Randene@gmail.com,police officer
947,Dode,Ummersen,Dode.Ummersen@yopmail.com,Dode.Ummersen@gmail.com,worker
948,Violet,Gunn,Violet.Gunn@yopmail.com,Violet.Gunn@gmail.com,police officer
949,Adele,Terrence,Adele.Terrence@yopmail.com,Adele.Terrence@gmail.com,worker
950,Tabbatha,Grayce,Tabbatha.Grayce@yopmail.com,Tabbatha.Grayce@gmail.com,doctor
951,Dode,Lubin,Dode.Lubin@yopmail.com,Dode.Lubin@gmail.com,firefighter
952,Romona,Sasnett,Romona.Sasnett@yopmail.com,Romona.Sasnett@gmail.com,worker
953,Annabela,Greyson,Annabela.Greyson@yopmail.com,Annabela.Greyson@gmail.com,firefighter
954,Correy,Jess,Correy.Jess@yopmail.com,Correy.Jess@gmail.com,developer
955,Winny,Niles,Winny.Niles@yopmail.com,Winny.Niles@gmail.com,worker
956,Valera,Elisha,Valera.Elisha@yopmail.com,Valera.Elisha@gmail.com,doctor
957,Renie,Allys,Renie.Allys@yopmail.com,Renie.Allys@gmail.com,developer
958,Chickie,Cookie,Chickie.Cookie@yopmail.com,Chickie.Cookie@gmail.com,developer
959,Maridel,Center,Maridel.Center@yopmail.com,Maridel.Center@gmail.com,firefighter
960,Fred,Felecia,Fred.Felecia@yopmail.com,Fred.Felecia@gmail.com,doctor
961,Correy,Bryna,Correy.Bryna@yopmail.com,Correy.Bryna@gmail.com,police officer
962,Lila,Egbert,Lila.Egbert@yopmail.com,Lila.Egbert@gmail.com,doctor
963,Carilyn,Ulphia,Carilyn.Ulphia@yopmail.com,Carilyn.Ulphia@gmail.com,doctor
964,Winifred,Noam,Winifred.Noam@yopmail.com,Winifred.Noam@gmail.com,developer
965,Jorry,Terencio,Jorry.Terencio@yopmail.com,Jorry.Terencio@gmail.com,police officer
966,Adore,McClimans,Adore.McClimans@yopmail.com,Adore.McClimans@gmail.com,worker
967,Aurore,Georas,Aurore.Georas@yopmail.com,Aurore.Georas@gmail.com,worker
968,Kelly,Roscoe,Kelly.Roscoe@yopmail.com,Kelly.Roscoe@gmail.com,doctor
969,Elyssa,Madaih,Elyssa.Madaih@yopmail.com,Elyssa.Madaih@gmail.com,firefighter
970,Georgina,Eachern,Georgina.Eachern@yopmail.com,Georgina.Eachern@gmail.com,worker
971,Pierette,Ries,Pierette.Ries@yopmail.com,Pierette.Ries@gmail.com,worker
972,Loree,Bluh,Loree.Bluh@yopmail.com,Loree.Bluh@gmail.com,firefighter
973,Corry,Milde,Corry.Milde@yopmail.com,Corry.Milde@gmail.com,firefighter
974,Kimberley,Terencio,Kimberley.Terencio@yopmail.com,Kimberley.Terencio@gmail.com,firefighter
975,Ingrid,Kaja,Ingrid.Kaja@yopmail.com,Ingrid.Kaja@gmail.com,firefighter
976,Yolane,Colp,Yolane.Colp@yopmail.com,Yolane.Colp@gmail.com,worker
977,Cassandra,Vary,Cassandra.Vary@yopmail.com,Cassandra.Vary@gmail.com,worker
978,Michaelina,Anyah,Michaelina.Anyah@yopmail.com,Michaelina.Anyah@gmail.com,doctor
979,Marinna,Delp,Marinna.Delp@yopmail.com,Marinna.Delp@gmail.com,police officer
980,Julieta,Emmaline,Julieta.Emmaline@yopmail.com,Julieta.Emmaline@gmail.com,doctor
981,Barbara,Tound,Barbara.Tound@yopmail.com,Barbara.Tound@gmail.com,doctor
982,Gratia,Beebe,Gratia.Beebe@yopmail.com,Gratia.Beebe@gmail.com,worker
983,Tabbatha,Lay,Tabbatha.Lay@yopmail.com,Tabbatha.Lay@gmail.com,developer
984,Raf,Lorain,Raf.Lorain@yopmail.com,Raf.Lorain@gmail.com,firefighter
985,Odessa,Pillsbury,Odessa.Pillsbury@yopmail.com,Odessa.Pillsbury@gmail.com,firefighter
986,Mariele,Joseph,Mariele.Joseph@yopmail.com,Mariele.Joseph@gmail.com,firefighter
987,Heida,Engdahl,Heida.Engdahl@yopmail.com,Heida.Engdahl@gmail.com,police officer
988,Anallese,Narton,Anallese.Narton@yopmail.com,Anallese.Narton@gmail.com,developer
989,Leontine,Idelia,Leontine.Idelia@yopmail.com,Leontine.Idelia@gmail.com,police officer
990,Kimberley,Fitzsimmons,Kimberley.Fitzsimmons@yopmail.com,Kimberley.Fitzsimmons@gmail.com,police officer
991,Edyth,Read,Edyth.Read@yopmail.com,Edyth.Read@gmail.com,worker
992,Rebeca,Hamil,Rebeca.Hamil@yopmail.com,Rebeca.Hamil@gmail.com,worker
993,Layla,Denis,Layla.Denis@yopmail.com,Layla.Denis@gmail.com,worker
994,Orelia,Pulsifer,Orelia.Pulsifer@yopmail.com,Orelia.Pulsifer@gmail.com,developer
995,Marcy,Carolin,Marcy.Carolin@yopmail.com,Marcy.Carolin@gmail.com,firefighter
996,Dacia,Azeria,Dacia.Azeria@yopmail.com,Dacia.Azeria@gmail.com,police officer
997,Karly,Rocray,Karly.Rocray@yopmail.com,Karly.Rocray@gmail.com,firefighter
998,Flo,Phyllis,Flo.Phyllis@yopmail.com,Flo.Phyllis@gmail.com,worker
999,Oralee,Beniamino,Oralee.Beniamino@yopmail.com,Oralee.Beniamino@gmail.com,worker
1000,Lucy,Kamaria,Lucy.Kamaria@yopmail.com,Lucy.Kamaria@gmail.com,developer
1001,Marinna,Riva,Marinna.Riva@yopmail.com,Marinna.Riva@gmail.com,firefighter
1002,Fidelia,Seumas,Fidelia.Seumas@yopmail.com,Fidelia.Seumas@gmail.com,worker
1003,Ardeen,Geffner,Ardeen.Geffner@yopmail.com,Ardeen.Geffner@gmail.com,firefighter
1004,Ardys,Hedve,Ardys.Hedve@yopmail.com,Ardys.Hedve@gmail.com,worker
1005,Kara-Lynn,Beebe,Kara-Lynn.Beebe@yopmail.com,Kara-Lynn.Beebe@gmail.com,firefighter
1006,Darci,Fiester,Darci.Fiester@yopmail.com,Darci.Fiester@gmail.com,developer
1007,Ermengarde,Dichy,Ermengarde.Dichy@yopmail.com,Ermengarde.Dichy@gmail.com,doctor
1008,Orelia,Ariella,Orelia.Ariella@yopmail.com,Orelia.Ariella@gmail.com,doctor
1009,Merry,Zamora,Merry.Zamora@yopmail.com,Merry.Zamora@gmail.com,firefighter
1010,Kial,Rogerio,Kial.Rogerio@yopmail.com,Kial.Rogerio@gmail.com,doctor
1011,Gianina,O'Neill,Gianina.O'Neill@yopmail.com,Gianina.O'Neill@gmail.com,worker
1012,Joy,Stacy,Joy.Stacy@yopmail.com,Joy.Stacy@gmail.com,firefighter
1013,Cassondra,Donoghue,Cassondra.Donoghue@yopmail.com,Cassondra.Donoghue@gmail.com,firefighter
1014,Deane,Sheng,Deane.Sheng@yopmail.com,Deane.Sheng@gmail.com,doctor
1015,Silvana,Lumbard,Silvana.Lumbard@yopmail.com,Silvana.Lumbard@gmail.com,doctor
1016,Hollie,Grimbly,Hollie.Grimbly@yopmail.com,Hollie.Grimbly@gmail.com,developer
1017,Elbertina,Wolfgram,Elbertina.Wolfgram@yopmail.com,Elbertina.Wolfgram@gmail.com,doctor
1018,Codie,Hoenack,Codie.Hoenack@yopmail.com,Codie.Hoenack@gmail.com,firefighter
1019,Blake,Stover,Blake.Stover@yopmail.com,Blake.Stover@gmail.com,developer
1020,Babita,Thema,Babita.Thema@yopmail.com,Babita.Thema@gmail.com,worker
1021,Gloria,Holtz,Gloria.Holtz@yopmail.com,Gloria.Holtz@gmail.com,police officer
1022,Loree,Felecia,Loree.Felecia@yopmail.com,Loree.Felecia@gmail.com,doctor
1023,Steffane,Reneta,Steffane.Reneta@yopmail.com,Steffane.Reneta@gmail.com,worker
1024,Inga,Teryn,Inga.Teryn@yopmail.com,Inga.Teryn@gmail.com,firefighter
1025,Blinni,Alcott,Blinni.Alcott@yopmail.com,Blinni.Alcott@gmail.com,doctor
1026,Yetty,Rolf,Yetty.Rolf@yopmail.com,Yetty.Rolf@gmail.com,police officer
1027,Susette,Chabot,Susette.Chabot@yopmail.com,Susette.Chabot@gmail.com,firefighter
1028,Melina,Haerr,Melina.Haerr@yopmail.com,Melina.Haerr@gmail.com,firefighter
1029,Meriel,Isidore,Meriel.Isidore@yopmail.com,Meriel.Isidore@gmail.com,developer
1030,Alameda,Israeli,Alameda.Israeli@yopmail.com,Alameda.Israeli@gmail.com,firefighter
1031,Bibby,Susannah,Bibby.Susannah@yopmail.com,Bibby.Susannah@gmail.com,doctor
1032,Josephine,Salchunas,Josephine.Salchunas@yopmail.com,Josephine.Salchunas@gmail.com,doctor
1033,Myrtice,Callista,Myrtice.Callista@yopmail.com,Myrtice.Callista@gmail.com,doctor
1034,Correy,Blisse,Correy.Blisse@yopmail.com,Correy.Blisse@gmail.com,doctor
1035,Ayn,Weaks,Ayn.Weaks@yopmail.com,Ayn.Weaks@gmail.com,developer
1036,Taffy,Marsden,Taffy.Marsden@yopmail.com,Taffy.Marsden@gmail.com,worker
1037,Penelopa,Kimmie,Penelopa.Kimmie@yopmail.com,Penelopa.Kimmie@gmail.com,doctor
1038,Rayna,Japeth,Rayna.Japeth@yopmail.com,Rayna.Japeth@gmail.com,doctor
1039,Emma,Lemuela,Emma.Lemuela@yopmail.com,Emma.Lemuela@gmail.com,doctor
1040,Bertine,Hurley,Bertine.Hurley@yopmail.com,Bertine.Hurley@gmail.com,police officer
1041,Linet,Liva,Linet.Liva@yopmail.com,Linet.Liva@gmail.com,police officer
1042,Stevana,Si,Stevana.Si@yopmail.com,Stevana.Si@gmail.com,police officer
1043,Vanessa,Lia,Vanessa.Lia@yopmail.com,Vanessa.Lia@gmail.com,doctor
1044,Susan,Egbert,Susan.Egbert@yopmail.com,Susan.Egbert@gmail.com,worker
1045,Vita,Toni,Vita.Toni@yopmail.com,Vita.Toni@gmail.com,police officer
1046,Hyacinthe,Sigfrid,Hyacinthe.Sigfrid@yopmail.com,Hyacinthe.Sigfrid@gmail.com,developer
1047,Xylina,Docilla,Xylina.Docilla@yopmail.com,Xylina.Docilla@gmail.com,worker
1048,Jinny,Jerald,Jinny.Jerald@yopmail.com,Jinny.Jerald@gmail.com,worker
1049,Evaleen,Erminia,Evaleen.Erminia@yopmail.com,Evaleen.Erminia@gmail.com,police officer
1050,Pamella,Hortensia,Pamella.Hortensia@yopmail.com,Pamella.Hortensia@gmail.com,police officer
1051,Estell,Jary,Estell.Jary@yopmail.com,Estell.Jary@gmail.com,firefighter
1052,Susette,Libna,Susette.Libna@yopmail.com,Susette.Libna@gmail.com,developer
1053,Willetta,Lauraine,Willetta.Lauraine@yopmail.com,Willetta.Lauraine@gmail.com,worker
1054,Leanna,Lindemann,Leanna.Lindemann@yopmail.com,Leanna.Lindemann@gmail.com,worker
1055,Esmeralda,Brodench,Esmeralda.Brodench@yopmail.com,Esmeralda.Brodench@gmail.com,developer
1056,Sallie,Hoenack,Sallie.Hoenack@yopmail.com,Sallie.Hoenack@gmail.com,developer
1057,Kara-Lynn,Giule,Kara-Lynn.Giule@yopmail.com,Kara-Lynn.Giule@gmail.com,doctor
1058,Ofilia,August,Ofilia.August@yopmail.com,Ofilia.August@gmail.com,police officer
1059,Jaclyn,Levey,Jaclyn.Levey@yopmail.com,Jaclyn.Levey@gmail.com,developer
1060,Tami,Sharl,Tami.Sharl@yopmail.com,Tami.Sharl@gmail.com,developer
1061,Thalia,Chapland,Thalia.Chapland@yopmail.com,Thalia.Chapland@gmail.com,firefighter
1062,Ada,Sophronia,Ada.Sophronia@yopmail.com,Ada.Sophronia@gmail.com,firefighter
1063,Rhea,Cottle,Rhea.Cottle@yopmail.com,Rhea.Cottle@gmail.com,worker
1064,Marika,Elo,Marika.Elo@yopmail.com,Marika.Elo@gmail.com,doctor
1065,Camile,Tryck,Camile.Tryck@yopmail.com,Camile.Tryck@gmail.com,firefighter
1066,Nadine,Standing,Nadine.Standing@yopmail.com,Nadine.Standing@gmail.com,worker
1067,Benita,Linskey,Benita.Linskey@yopmail.com,Benita.Linskey@gmail.com,worker
1068,Marnia,Erminia,Marnia.Erminia@yopmail.com,Marnia.Erminia@gmail.com,doctor
1069,Konstance,Nicoline,Konstance.Nicoline@yopmail.com,Konstance.Nicoline@gmail.com,police officer
1070,Valli,Noman,Valli.Noman@yopmail.com,Valli.Noman@gmail.com,developer
1071,Teriann,Hortensia,Teriann.Hortensia@yopmail.com,Teriann.Hortensia@gmail.com,developer
1072,Penelopa,Juliet,Penelopa.Juliet@yopmail.com,Penelopa.Juliet@gmail.com,worker
1073,Keelia,Hortensia,Keelia.Hortensia@yopmail.com,Keelia.Hortensia@gmail.com,worker
1074,Devina,Lamoree,Devina.Lamoree@yopmail.com,Devina.Lamoree@gmail.com,police officer
1075,Katleen,Barrus,Katleen.Barrus@yopmail.com,Katleen.Barrus@gmail.com,worker
1076,Karly,Shirberg,Karly.Shirberg@yopmail.com,Karly.Shirberg@gmail.com,doctor
1077,Ira,Thornburg,Ira.Thornburg@yopmail.com,Ira.Thornburg@gmail.com,doctor
1078,Tatiania,Jerold,Tatiania.Jerold@yopmail.com,Tatiania.Jerold@gmail.com,developer
1079,Candy,Aida,Candy.Aida@yopmail.com,Candy.Aida@gmail.com,worker
1080,Jinny,Caitlin,Jinny.Caitlin@yopmail.com,Jinny.Caitlin@gmail.com,worker
1081,Dode,Lattie,Dode.Lattie@yopmail.com,Dode.Lattie@gmail.com,doctor
1082,Christy,Weaks,Christy.Weaks@yopmail.com,Christy.Weaks@gmail.com,firefighter
1083,Raquela,Gaal,Raquela.Gaal@yopmail.com,Raquela.Gaal@gmail.com,developer
1084,Gertrud,Yorick,Gertrud.Yorick@yopmail.com,Gertrud.Yorick@gmail.com,doctor
1085,Gabi,Bultman,Gabi.Bultman@yopmail.com,Gabi.Bultman@gmail.com,worker
1086,Modestia,Barbey,Modestia.Barbey@yopmail.com,Modestia.Barbey@gmail.com,firefighter
1087,Barbi,Lutero,Barbi.Lutero@yopmail.com,Barbi.Lutero@gmail.com,doctor
1088,Hermione,Andrel,Hermione.Andrel@yopmail.com,Hermione.Andrel@gmail.com,doctor
1089,Binny,Arathorn,Binny.Arathorn@yopmail.com,Binny.Arathorn@gmail.com,police officer
1090,Tybie,Nelsen,Tybie.Nelsen@yopmail.com,Tybie.Nelsen@gmail.com,worker
1091,Starla,Gordon,Starla.Gordon@yopmail.com,Starla.Gordon@gmail.com,firefighter
1092,Jaclyn,LaRue,Jaclyn.LaRue@yopmail.com,Jaclyn.LaRue@gmail.com,firefighter
1093,Christian,Kat,Christian.Kat@yopmail.com,Christian.Kat@gmail.com,doctor
1094,Micheline,Garrison,Micheline.Garrison@yopmail.com,Micheline.Garrison@gmail.com,worker
1095,Ulrike,Jerold,Ulrike.Jerold@yopmail.com,Ulrike.Jerold@gmail.com,doctor
1096,Belinda,Koehler,Belinda.Koehler@yopmail.com,Belinda.Koehler@gmail.com,police officer
1097,Tarra,Decato,Tarra.Decato@yopmail.com,Tarra.Decato@gmail.com,doctor
1098,Hollie,Wallis,Hollie.Wallis@yopmail.com,Hollie.Wallis@gmail.com,doctor
1099,Giustina,Lutero,Giustina.Lutero@yopmail.com,Giustina.Lutero@gmail.com,firefighter